hour,month,average_power_summer,average_power_winter,average_power_spring,average_power_fall,power
0,1,1.189,0.9228,0.9178,0.9703,0.842745317
1,1,1.189,0.9228,0.9178,0.9703,0.793514118
2,1,1.189,0.9228,0.9178,0.9703,0.770162147
3,1,1.189,0.9228,0.9178,0.9703,0.756220296
4,1,1.189,0.9228,0.9178,0.9703,0.754542913
5,1,1.189,0.9228,0.9178,0.9703,0.764196254
6,1,1.189,0.9228,0.9178,0.9703,0.797981549
7,1,1.189,0.9228,0.9178,0.9703,0.85619234
8,1,1.189,0.9228,0.9178,0.9703,0.911225888
9,1,1.189,0.9228,0.9178,0.9703,0.896757059
10,1,1.189,0.9228,0.9178,0.9703,0.91299972
11,1,1.189,0.9228,0.9178,0.9703,0.941884261
12,1,1.189,0.9228,0.9178,0.9703,0.973985183
13,1,1.189,0.9228,0.9178,0.9703,0.979480011
14,1,1.189,0.9228,0.9178,0.9703,0.9518591
15,1,1.189,0.9228,0.9178,0.9703,0.954738608
16,1,1.189,0.9228,0.9178,0.9703,0.983642717
17,1,1.189,0.9228,0.9178,0.9703,1.059547107
18,1,1.189,0.9228,0.9178,0.9703,1.152222533
19,1,1.189,0.9228,0.9178,0.9703,1.165714286
20,1,1.189,0.9228,0.9178,0.9703,1.123365949
21,1,1.189,0.9228,0.9178,0.9703,1.071724909
22,1,1.189,0.9228,0.9178,0.9703,0.999636567
23,1,1.189,0.9228,0.9178,0.9703,0.923119933
0,2,1.189,0.9228,0.9178,0.9703,0.876069332
1,2,1.189,0.9228,0.9178,0.9703,0.840313112
2,2,1.189,0.9228,0.9178,0.9703,0.798112944
3,2,1.189,0.9228,0.9178,0.9703,0.77052558
4,2,1.189,0.9228,0.9178,0.9703,0.767626503
5,2,1.189,0.9228,0.9178,0.9703,0.785714286
6,2,1.189,0.9228,0.9178,0.9703,0.828431647
7,2,1.189,0.9228,0.9178,0.9703,0.899698071
8,2,1.189,0.9228,0.9178,0.9703,0.928850992
9,2,1.189,0.9228,0.9178,0.9703,0.925747833
10,2,1.189,0.9228,0.9178,0.9703,0.951216103
11,2,1.189,0.9228,0.9178,0.9703,0.966150405
12,2,1.189,0.9228,0.9178,0.9703,0.984064859
13,2,1.189,0.9228,0.9178,0.9703,0.983841208
14,2,1.189,0.9228,0.9178,0.9703,0.968017892
15,2,1.189,0.9228,0.9178,0.9703,0.971540397
16,2,1.189,0.9228,0.9178,0.9703,0.990097847
17,2,1.189,0.9228,0.9178,0.9703,1.041934582
18,2,1.189,0.9228,0.9178,0.9703,1.130640201
19,2,1.189,0.9228,0.9178,0.9703,1.160301929
20,2,1.189,0.9228,0.9178,0.9703,1.117249091
21,2,1.189,0.9228,0.9178,0.9703,1.071892647
22,2,1.189,0.9228,0.9178,0.9703,1.019373777
23,2,1.189,0.9228,0.9178,0.9703,0.941067934
0,3,1.189,0.9228,0.9178,0.9703,0.744730221
1,3,1.189,0.9228,0.9178,0.9703,0.722085547
2,3,1.189,0.9228,0.9178,0.9703,0.707240705
3,3,1.189,0.9228,0.9178,0.9703,0.698154878
4,3,1.189,0.9228,0.9178,0.9703,0.714145932
5,3,1.189,0.9228,0.9178,0.9703,0.75951915
6,3,1.189,0.9228,0.9178,0.9703,0.814984624
7,3,1.189,0.9228,0.9178,0.9703,0.86586525
8,3,1.189,0.9228,0.9178,0.9703,0.86818563
9,3,1.189,0.9228,0.9178,0.9703,0.872043612
10,3,1.189,0.9228,0.9178,0.9703,0.898644115
11,3,1.189,0.9228,0.9178,0.9703,0.912971764
12,3,1.189,0.9228,0.9178,0.9703,0.930304725
13,3,1.189,0.9228,0.9178,0.9703,0.926949958
14,3,1.189,0.9228,0.9178,0.9703,0.926754263
15,3,1.189,0.9228,0.9178,0.9703,0.937908862
16,3,1.189,0.9228,0.9178,0.9703,0.978277886
17,3,1.189,0.9228,0.9178,0.9703,1.037098127
18,3,1.189,0.9228,0.9178,0.9703,1.096785015
19,3,1.189,0.9228,0.9178,0.9703,1.116773833
20,3,1.189,0.9228,0.9178,0.9703,1.083142298
21,3,1.189,0.9228,0.9178,0.9703,1.006402013
22,3,1.189,0.9228,0.9178,0.9703,0.921917808
23,3,1.189,0.9228,0.9178,0.9703,0.822208555
0,4,1.189,0.9228,0.9178,0.9703,0.65991054
1,4,1.189,0.9228,0.9178,0.9703,0.631409002
2,4,1.189,0.9228,0.9178,0.9703,0.610399776
3,4,1.189,0.9228,0.9178,0.9703,0.602516075
4,4,1.189,0.9228,0.9178,0.9703,0.613964216
5,4,1.189,0.9228,0.9178,0.9703,0.680821918
6,4,1.189,0.9228,0.9178,0.9703,0.748476377
7,4,1.189,0.9228,0.9178,0.9703,0.796421582
8,4,1.189,0.9228,0.9178,0.9703,0.792563601
9,4,1.189,0.9228,0.9178,0.9703,0.806485882
10,4,1.189,0.9228,0.9178,0.9703,0.836469108
11,4,1.189,0.9228,0.9178,0.9703,0.849566676
12,4,1.189,0.9228,0.9178,0.9703,0.849740006
13,4,1.189,0.9228,0.9178,0.9703,0.841920604
14,4,1.189,0.9228,0.9178,0.9703,0.833596589
15,4,1.189,0.9228,0.9178,0.9703,0.844758177
16,4,1.189,0.9228,0.9178,0.9703,0.887629298
17,4,1.189,0.9228,0.9178,0.9703,0.945415152
18,4,1.189,0.9228,0.9178,0.9703,0.985099245
19,4,1.189,0.9228,0.9178,0.9703,0.989879788
20,4,1.189,0.9228,0.9178,0.9703,0.95286553
21,4,1.189,0.9228,0.9178,0.9703,0.881436958
22,4,1.189,0.9228,0.9178,0.9703,0.799468829
23,4,1.189,0.9228,0.9178,0.9703,0.713978194
0,5,1.189,0.9228,0.9178,0.9703,0.731199329
1,5,1.189,0.9228,0.9178,0.9703,0.702180598
2,5,1.189,0.9228,0.9178,0.9703,0.676768242
3,5,1.189,0.9228,0.9178,0.9703,0.672295219
4,5,1.189,0.9228,0.9178,0.9703,0.687168018
5,5,1.189,0.9228,0.9178,0.9703,0.743234554
6,5,1.189,0.9228,0.9178,0.9703,0.814193458
7,5,1.189,0.9228,0.9178,0.9703,0.851915013
8,5,1.189,0.9228,0.9178,0.9703,0.847190383
9,5,1.189,0.9228,0.9178,0.9703,0.852138664
10,5,1.189,0.9228,0.9178,0.9703,0.879591837
11,5,1.189,0.9228,0.9178,0.9703,0.896868885
12,5,1.189,0.9228,0.9178,0.9703,0.887950797
13,5,1.189,0.9228,0.9178,0.9703,0.895834498
14,5,1.189,0.9228,0.9178,0.9703,0.880793961
15,5,1.189,0.9228,0.9178,0.9703,0.902155438
16,5,1.189,0.9228,0.9178,0.9703,0.942960581
17,5,1.189,0.9228,0.9178,0.9703,1.008803467
18,5,1.189,0.9228,0.9178,0.9703,1.037170814
19,5,1.189,0.9228,0.9178,0.9703,1.045834498
20,5,1.189,0.9228,0.9178,0.9703,1.036583729
21,5,1.189,0.9228,0.9178,0.9703,0.968073805
22,5,1.189,0.9228,0.9178,0.9703,0.88498742
23,5,1.189,0.9228,0.9178,0.9703,0.800754822
0,6,1.189,0.9228,0.9178,0.9703,0.965138384
1,6,1.189,0.9228,0.9178,0.9703,0.926055354
2,6,1.189,0.9228,0.9178,0.9703,0.902907464
3,6,1.189,0.9228,0.9178,0.9703,0.889222812
4,6,1.189,0.9228,0.9178,0.9703,0.902991334
5,6,1.189,0.9228,0.9178,0.9703,0.959253564
6,6,1.189,0.9228,0.9178,0.9703,1.019317864
7,6,1.189,0.9228,0.9178,0.9703,1.070883422
8,6,1.189,0.9228,0.9178,0.9703,1.081450937
9,6,1.189,0.9228,0.9178,0.9703,1.107548225
10,6,1.189,0.9228,0.9178,0.9703,1.13831423
11,6,1.189,0.9228,0.9178,0.9703,1.144897959
12,6,1.189,0.9228,0.9178,0.9703,1.145023763
13,6,1.189,0.9228,0.9178,0.9703,1.134791725
14,6,1.189,0.9228,0.9178,0.9703,1.138859379
15,6,1.189,0.9228,0.9178,0.9703,1.144897959
16,6,1.189,0.9228,0.9178,0.9703,1.183058429
17,6,1.189,0.9228,0.9178,0.9703,1.253760134
18,6,1.189,0.9228,0.9178,0.9703,1.282065977
19,6,1.189,0.9228,0.9178,0.9703,1.272155438
20,6,1.189,0.9228,0.9178,0.9703,1.261518032
21,6,1.189,0.9228,0.9178,0.9703,1.195387196
22,6,1.189,0.9228,0.9178,0.9703,1.110791166
23,6,1.189,0.9228,0.9178,0.9703,1.034106793
0,7,1.189,0.9228,0.9178,0.9703,1.081772435
1,7,1.189,0.9228,0.9178,0.9703,1.040212469
2,7,1.189,0.9228,0.9178,0.9703,1.014369583
3,7,1.189,0.9228,0.9178,0.9703,1.00170534
4,7,1.189,0.9228,0.9178,0.9703,1.012787252
5,7,1.189,0.9228,0.9178,0.9703,1.070366229
6,7,1.189,0.9228,0.9178,0.9703,1.137824993
7,7,1.189,0.9228,0.9178,0.9703,1.198716802
8,7,1.189,0.9228,0.9178,0.9703,1.223022086
9,7,1.189,0.9228,0.9178,0.9703,1.25374336
10,7,1.189,0.9228,0.9178,0.9703,1.287335756
11,7,1.189,0.9228,0.9178,0.9703,1.311937378
12,7,1.189,0.9228,0.9178,0.9703,1.304808499
13,7,1.189,0.9228,0.9178,0.9703,1.312887895
14,7,1.189,0.9228,0.9178,0.9703,1.300866648
15,7,1.189,0.9228,0.9178,0.9703,1.312742522
16,7,1.189,0.9228,0.9178,0.9703,1.35982667
17,7,1.189,0.9228,0.9178,0.9703,1.424786134
18,7,1.189,0.9228,0.9178,0.9703,1.450712888
19,7,1.189,0.9228,0.9178,0.9703,1.437824993
20,7,1.189,0.9228,0.9178,0.9703,1.424210232
21,7,1.189,0.9228,0.9178,0.9703,1.361607492
22,7,1.189,0.9228,0.9178,0.9703,1.263600783
23,7,1.189,0.9228,0.9178,0.9703,1.164970646
0,8,1.189,0.9228,0.9178,0.9703,1.046902432
1,8,1.189,0.9228,0.9178,0.9703,1.007911658
2,8,1.189,0.9228,0.9178,0.9703,0.980273973
3,8,1.189,0.9228,0.9178,0.9703,0.965753425
4,8,1.189,0.9228,0.9178,0.9703,0.97492312
5,8,1.189,0.9228,0.9178,0.9703,1.020296338
6,8,1.189,0.9228,0.9178,0.9703,1.07553816
7,8,1.189,0.9228,0.9178,0.9703,1.133329606
8,8,1.189,0.9228,0.9178,0.9703,1.167682415
9,8,1.189,0.9228,0.9178,0.9703,1.206052558
10,8,1.189,0.9228,0.9178,0.9703,1.23914733
11,8,1.189,0.9228,0.9178,0.9703,1.247721554
12,8,1.189,0.9228,0.9178,0.9703,1.24752586
13,8,1.189,0.9228,0.9178,0.9703,1.241878669
14,8,1.189,0.9228,0.9178,0.9703,1.237629298
15,8,1.189,0.9228,0.9178,0.9703,1.250349455
16,8,1.189,0.9228,0.9178,0.9703,1.297232318
17,8,1.189,0.9228,0.9178,0.9703,1.352613922
18,8,1.189,0.9228,0.9178,0.9703,1.374531731
19,8,1.189,0.9228,0.9178,0.9703,1.37058988
20,8,1.189,0.9228,0.9178,0.9703,1.363550461
21,8,1.189,0.9228,0.9178,0.9703,1.298132513
22,8,1.189,0.9228,0.9178,0.9703,1.210148169
23,8,1.189,0.9228,0.9178,0.9703,1.123082192
0,9,1.189,0.9228,0.9178,0.9703,0.998378529
1,9,1.189,0.9228,0.9178,0.9703,0.96354487
2,9,1.189,0.9228,0.9178,0.9703,0.943402292
3,9,1.189,0.9228,0.9178,0.9703,0.936874476
4,9,1.189,0.9228,0.9178,0.9703,0.945540956
5,9,1.189,0.9228,0.9178,0.9703,1.001761252
6,9,1.189,0.9228,0.9178,0.9703,1.07562203
7,9,1.189,0.9228,0.9178,0.9703,1.120452893
8,9,1.189,0.9228,0.9178,0.9703,1.126880067
9,9,1.189,0.9228,0.9178,0.9703,1.15649986
10,9,1.189,0.9228,0.9178,0.9703,1.189376573
11,9,1.189,0.9228,0.9178,0.9703,1.197190383
12,9,1.189,0.9228,0.9178,0.9703,1.190914174
13,9,1.189,0.9228,0.9178,0.9703,1.178655298
14,9,1.189,0.9228,0.9178,0.9703,1.176013419
15,9,1.189,0.9228,0.9178,0.9703,1.195526978
16,9,1.189,0.9228,0.9178,0.9703,1.236538999
17,9,1.189,0.9228,0.9178,0.9703,1.297959184
18,9,1.189,0.9228,0.9178,0.9703,1.343472183
19,9,1.189,0.9228,0.9178,0.9703,1.343416271
20,9,1.189,0.9228,0.9178,0.9703,1.315571708
21,9,1.189,0.9228,0.9178,0.9703,1.249203243
22,9,1.189,0.9228,0.9178,0.9703,1.156751468
23,9,1.189,0.9228,0.9178,0.9703,1.070002796
0,10,1.189,0.9228,0.9178,0.9703,0.823623148
1,10,1.189,0.9228,0.9178,0.9703,0.79319262
2,10,1.189,0.9228,0.9178,0.9703,0.775594073
3,10,1.189,0.9228,0.9178,0.9703,0.771288789
4,10,1.189,0.9228,0.9178,0.9703,0.786415991
5,10,1.189,0.9228,0.9178,0.9703,0.850676545
6,10,1.189,0.9228,0.9178,0.9703,0.92144255
7,10,1.189,0.9228,0.9178,0.9703,0.963377132
8,10,1.189,0.9228,0.9178,0.9703,0.95389712
9,10,1.189,0.9228,0.9178,0.9703,0.963600783
10,10,1.189,0.9228,0.9178,0.9703,0.980721275
11,10,1.189,0.9228,0.9178,0.9703,0.99133352
12,10,1.189,0.9228,0.9178,0.9703,0.991892647
13,10,1.189,0.9228,0.9178,0.9703,0.986972323
14,10,1.189,0.9228,0.9178,0.9703,0.973105955
15,10,1.189,0.9228,0.9178,0.9703,0.984707856
16,10,1.189,0.9228,0.9178,0.9703,1.032876712
17,10,1.189,0.9228,0.9178,0.9703,1.120464076
18,10,1.189,0.9228,0.9178,0.9703,1.180514398
19,10,1.189,0.9228,0.9178,0.9703,1.166759855
20,10,1.189,0.9228,0.9178,0.9703,1.134246575
21,10,1.189,0.9228,0.9178,0.9703,1.051747274
22,10,1.189,0.9228,0.9178,0.9703,0.965613643
23,10,1.189,0.9228,0.9178,0.9703,0.882499301
0,11,1.189,0.9228,0.9178,0.9703,0.856611686
1,11,1.189,0.9228,0.9178,0.9703,0.80332681
2,11,1.189,0.9228,0.9178,0.9703,0.767123288
3,11,1.189,0.9228,0.9178,0.9703,0.752669835
4,11,1.189,0.9228,0.9178,0.9703,0.746882863
5,11,1.189,0.9228,0.9178,0.9703,0.766787811
6,11,1.189,0.9228,0.9178,0.9703,0.823147889
7,11,1.189,0.9228,0.9178,0.9703,0.898630137
8,11,1.189,0.9228,0.9178,0.9703,0.933184233
9,11,1.189,0.9228,0.9178,0.9703,0.930500419
10,11,1.189,0.9228,0.9178,0.9703,0.946757059
11,11,1.189,0.9228,0.9178,0.9703,0.97971764
12,11,1.189,0.9228,0.9178,0.9703,0.994310875
13,11,1.189,0.9228,0.9178,0.9703,0.998741963
14,11,1.189,0.9228,0.9178,0.9703,0.994716243
15,11,1.189,0.9228,0.9178,0.9703,0.987699189
16,11,1.189,0.9228,0.9178,0.9703,1.009868605
17,11,1.189,0.9228,0.9178,0.9703,1.070170534
18,11,1.189,0.9228,0.9178,0.9703,1.145093654
19,11,1.189,0.9228,0.9178,0.9703,1.161615879
20,11,1.189,0.9228,0.9178,0.9703,1.141291585
21,11,1.189,0.9228,0.9178,0.9703,1.118367347
22,11,1.189,0.9228,0.9178,0.9703,1.03892927
23,11,1.189,0.9228,0.9178,0.9703,0.942130277
0,12,1.189,0.9228,0.9178,0.9703,0.907604138
1,12,1.189,0.9228,0.9178,0.9703,0.853676265
2,12,1.189,0.9228,0.9178,0.9703,0.820016774
3,12,1.189,0.9228,0.9178,0.9703,0.792060386
4,12,1.189,0.9228,0.9178,0.9703,0.777355326
5,12,1.189,0.9228,0.9178,0.9703,0.779284316
6,12,1.189,0.9228,0.9178,0.9703,0.845009785
7,12,1.189,0.9228,0.9178,0.9703,0.912412636
8,12,1.189,0.9228,0.9178,0.9703,0.964495387
9,12,1.189,0.9228,0.9178,0.9703,0.976265027
10,12,1.189,0.9228,0.9178,0.9703,1.008331004
11,12,1.189,0.9228,0.9178,0.9703,1.045373218
12,12,1.189,0.9228,0.9178,0.9703,1.066796198
13,12,1.189,0.9228,0.9178,0.9703,1.063768521
14,12,1.189,0.9228,0.9178,0.9703,1.049343025
15,12,1.189,0.9228,0.9178,0.9703,1.059630976
16,12,1.189,0.9228,0.9178,0.9703,1.077159631
17,12,1.189,0.9228,0.9178,0.9703,1.141039978
18,12,1.189,0.9228,0.9178,0.9703,1.215907185
19,12,1.189,0.9228,0.9178,0.9703,1.223315628
20,12,1.189,0.9228,0.9178,0.9703,1.182359519
21,12,1.189,0.9228,0.9178,0.9703,1.147609729
22,12,1.189,0.9228,0.9178,0.9703,1.075482248
23,12,1.189,0.9228,0.9178,0.9703,1.001397819
0,1,1.09316,1.00523,0.7878,1.1139,0.938188426
1,1,1.09316,1.00523,0.7878,1.1139,0.916225446
2,1,1.09316,1.00523,0.7878,1.1139,0.893355055
3,1,1.09316,1.00523,0.7878,1.1139,0.887997744
4,1,1.09316,1.00523,0.7878,1.1139,0.883016385
5,1,1.09316,1.00523,0.7878,1.1139,0.897427864
6,1,1.09316,1.00523,0.7878,1.1139,0.933057113
7,1,1.09316,1.00523,0.7878,1.1139,0.983896739
8,1,1.09316,1.00523,0.7878,1.1139,1.005905573
9,1,1.09316,1.00523,0.7878,1.1139,0.980372192
10,1,1.09316,1.00523,0.7878,1.1139,0.987577932
11,1,1.09316,1.00523,0.7878,1.1139,0.987969548
12,1,1.09316,1.00523,0.7878,1.1139,0.981390394
13,1,1.09316,1.00523,0.7878,1.1139,0.985541527
14,1,1.09316,1.00523,0.7878,1.1139,0.996663429
15,1,1.09316,1.00523,0.7878,1.1139,1.010839939
16,1,1.09316,1.00523,0.7878,1.1139,1.053761083
17,1,1.09316,1.00523,0.7878,1.1139,1.14704408
18,1,1.09316,1.00523,0.7878,1.1139,1.202183652
19,1,1.09316,1.00523,0.7878,1.1139,1.218999655
20,1,1.09316,1.00523,0.7878,1.1139,1.219179799
21,1,1.09316,1.00523,0.7878,1.1139,1.197249287
22,1,1.09316,1.00523,0.7878,1.1139,1.143832827
23,1,1.09316,1.00523,0.7878,1.1139,1.040132836
0,2,1.09316,1.00523,0.7878,1.1139,0.986951346
1,2,1.09316,1.00523,0.7878,1.1139,0.948103011
2,2,1.09316,1.00523,0.7878,1.1139,0.930010339
3,2,1.09316,1.00523,0.7878,1.1139,0.927543156
4,2,1.09316,1.00523,0.7878,1.1139,0.932242551
5,2,1.09316,1.00523,0.7878,1.1139,0.947178796
6,2,1.09316,1.00523,0.7878,1.1139,0.988831104
7,2,1.09316,1.00523,0.7878,1.1139,1.035746734
8,2,1.09316,1.00523,0.7878,1.1139,1.050863122
9,2,1.09316,1.00523,0.7878,1.1139,1.034963501
10,2,1.09316,1.00523,0.7878,1.1139,1.041699301
11,2,1.09316,1.00523,0.7878,1.1139,1.003947492
12,2,1.09316,1.00523,0.7878,1.1139,0.99956139
13,2,1.09316,1.00523,0.7878,1.1139,1.03950625
14,2,1.09316,1.00523,0.7878,1.1139,1.040132836
15,2,1.09316,1.00523,0.7878,1.1139,1.045145525
16,2,1.09316,1.00523,0.7878,1.1139,1.084855415
17,2,1.09316,1.00523,0.7878,1.1139,1.145399292
18,2,1.09316,1.00523,0.7878,1.1139,1.221451173
19,2,1.09316,1.00523,0.7878,1.1139,1.238525643
20,2,1.09316,1.00523,0.7878,1.1139,1.236959178
21,2,1.09316,1.00523,0.7878,1.1139,1.216595131
22,2,1.09316,1.00523,0.7878,1.1139,1.151430183
23,2,1.09316,1.00523,0.7878,1.1139,1.064413046
0,3,1.09316,1.00523,0.7878,1.1139,0.871972806
1,3,1.09316,1.00523,0.7878,1.1139,0.84777092
2,3,1.09316,1.00523,0.7878,1.1139,0.845186253
3,3,1.09316,1.00523,0.7878,1.1139,0.838215483
4,3,1.09316,1.00523,0.7878,1.1139,0.84416805
5,3,1.09316,1.00523,0.7878,1.1139,0.877063818
6,3,1.09316,1.00523,0.7878,1.1139,0.920141608
7,3,1.09316,1.00523,0.7878,1.1139,0.947084808
8,3,1.09316,1.00523,0.7878,1.1139,0.924371064
9,3,1.09316,1.00523,0.7878,1.1139,0.918810113
10,3,1.09316,1.00523,0.7878,1.1139,0.910664495
11,3,1.09316,1.00523,0.7878,1.1139,0.922256336
12,3,1.09316,1.00523,0.7878,1.1139,0.915520536
13,3,1.09316,1.00523,0.7878,1.1139,0.911721858
14,3,1.09316,1.00523,0.7878,1.1139,0.897976127
15,3,1.09316,1.00523,0.7878,1.1139,0.920212099
16,3,1.09316,1.00523,0.7878,1.1139,0.970425139
17,3,1.09316,1.00523,0.7878,1.1139,1.023027037
18,3,1.09316,1.00523,0.7878,1.1139,1.074046806
19,3,1.09316,1.00523,0.7878,1.1139,1.108900655
20,3,1.09316,1.00523,0.7878,1.1139,1.107177543
21,3,1.09316,1.00523,0.7878,1.1139,1.055797487
22,3,1.09316,1.00523,0.7878,1.1139,0.978570757
23,3,1.09316,1.00523,0.7878,1.1139,0.908236474
0,4,1.09316,1.00523,0.7878,1.1139,0.725116702
1,4,1.09316,1.00523,0.7878,1.1139,0.711566778
2,4,1.09316,1.00523,0.7878,1.1139,0.706044989
3,4,1.09316,1.00523,0.7878,1.1139,0.700953977
4,4,1.09316,1.00523,0.7878,1.1139,0.712506657
5,4,1.09316,1.00523,0.7878,1.1139,0.736826028
6,4,1.09316,1.00523,0.7878,1.1139,0.771170776
7,4,1.09316,1.00523,0.7878,1.1139,0.797957329
8,4,1.09316,1.00523,0.7878,1.1139,0.800581159
9,4,1.09316,1.00523,0.7878,1.1139,0.808186347
10,4,1.09316,1.00523,0.7878,1.1139,0.809314202
11,4,1.09316,1.00523,0.7878,1.1139,0.802970018
12,4,1.09316,1.00523,0.7878,1.1139,0.79580344
13,4,1.09316,1.00523,0.7878,1.1139,0.7919656
14,4,1.09316,1.00523,0.7878,1.1139,0.79725242
15,4,1.09316,1.00523,0.7878,1.1139,0.814013597
16,4,1.09316,1.00523,0.7878,1.1139,0.851452113
17,4,1.09316,1.00523,0.7878,1.1139,0.884622012
18,4,1.09316,1.00523,0.7878,1.1139,0.913797425
19,4,1.09316,1.00523,0.7878,1.1139,0.935257997
20,4,1.09316,1.00523,0.7878,1.1139,0.937137755
21,4,1.09316,1.00523,0.7878,1.1139,0.896409662
22,4,1.09316,1.00523,0.7878,1.1139,0.825997055
23,4,1.09316,1.00523,0.7878,1.1139,0.757660014
0,5,1.09316,1.00523,0.7878,1.1139,0.647608008
1,5,1.09316,1.00523,0.7878,1.1139,0.634684671
2,5,1.09316,1.00523,0.7878,1.1139,0.632068674
3,5,1.09316,1.00523,0.7878,1.1139,0.627181303
4,5,1.09316,1.00523,0.7878,1.1139,0.63085858
5,5,1.09316,1.00523,0.7878,1.1139,0.653607569
6,5,1.09316,1.00523,0.7878,1.1139,0.695980451
7,5,1.09316,1.00523,0.7878,1.1139,0.737883392
8,5,1.09316,1.00523,0.7878,1.1139,0.758247439
9,5,1.09316,1.00523,0.7878,1.1139,0.773990413
10,5,1.09316,1.00523,0.7878,1.1139,0.781822739
11,5,1.09316,1.00523,0.7878,1.1139,0.778689809
12,5,1.09316,1.00523,0.7878,1.1139,0.777671606
13,5,1.09316,1.00523,0.7878,1.1139,0.771954009
14,5,1.09316,1.00523,0.7878,1.1139,0.763690905
15,5,1.09316,1.00523,0.7878,1.1139,0.78017795
16,5,1.09316,1.00523,0.7878,1.1139,0.803330305
17,5,1.09316,1.00523,0.7878,1.1139,0.831949622
18,5,1.09316,1.00523,0.7878,1.1139,0.856778095
19,5,1.09316,1.00523,0.7878,1.1139,0.867946991
20,5,1.09316,1.00523,0.7878,1.1139,0.865706946
21,5,1.09316,1.00523,0.7878,1.1139,0.829443278
22,5,1.09316,1.00523,0.7878,1.1139,0.766001441
23,5,1.09316,1.00523,0.7878,1.1139,0.686894953
0,6,1.09316,1.00523,0.7878,1.1139,0.68681663
1,6,1.09316,1.00523,0.7878,1.1139,0.671974373
2,6,1.09316,1.00523,0.7878,1.1139,0.65940349
3,6,1.09316,1.00523,0.7878,1.1139,0.648124941
4,6,1.09316,1.00523,0.7878,1.1139,0.648359911
5,6,1.09316,1.00523,0.7878,1.1139,0.667274977
6,6,1.09316,1.00523,0.7878,1.1139,0.710509414
7,6,1.09316,1.00523,0.7878,1.1139,0.764983239
8,6,1.09316,1.00523,0.7878,1.1139,0.811154798
9,6,1.09316,1.00523,0.7878,1.1139,0.838685422
10,6,1.09316,1.00523,0.7878,1.1139,0.865511138
11,6,1.09316,1.00523,0.7878,1.1139,0.880940819
12,6,1.09316,1.00523,0.7878,1.1139,0.894059964
13,6,1.09316,1.00523,0.7878,1.1139,0.888459851
14,6,1.09316,1.00523,0.7878,1.1139,0.883799618
15,6,1.09316,1.00523,0.7878,1.1139,0.887715781
16,6,1.09316,1.00523,0.7878,1.1139,0.902440553
17,6,1.09316,1.00523,0.7878,1.1139,0.918026881
18,6,1.09316,1.00523,0.7878,1.1139,0.93051944
19,6,1.09316,1.00523,0.7878,1.1139,0.922647953
20,6,1.09316,1.00523,0.7878,1.1139,0.913875748
21,6,1.09316,1.00523,0.7878,1.1139,0.894960682
22,6,1.09316,1.00523,0.7878,1.1139,0.828346753
23,6,1.09316,1.00523,0.7878,1.1139,0.749318588
0,7,1.09316,1.00523,0.7878,1.1139,0.926485792
1,7,1.09316,1.00523,0.7878,1.1139,0.900639118
2,7,1.09316,1.00523,0.7878,1.1139,0.883329678
3,7,1.09316,1.00523,0.7878,1.1139,0.867116764
4,7,1.09316,1.00523,0.7878,1.1139,0.870171371
5,7,1.09316,1.00523,0.7878,1.1139,0.883642971
6,7,1.09316,1.00523,0.7878,1.1139,0.923744478
7,7,1.09316,1.00523,0.7878,1.1139,0.99956139
8,7,1.09316,1.00523,0.7878,1.1139,1.068094239
9,7,1.09316,1.00523,0.7878,1.1139,1.11360005
10,7,1.09316,1.00523,0.7878,1.1139,1.145320969
11,7,1.09316,1.00523,0.7878,1.1139,1.165919985
12,7,1.09316,1.00523,0.7878,1.1139,1.18409098
13,7,1.09316,1.00523,0.7878,1.1139,1.180495943
14,7,1.09316,1.00523,0.7878,1.1139,1.175036812
15,7,1.09316,1.00523,0.7878,1.1139,1.189103669
16,7,1.09316,1.00523,0.7878,1.1139,1.198189166
17,7,1.09316,1.00523,0.7878,1.1139,1.226698831
18,7,1.09316,1.00523,0.7878,1.1139,1.214323757
19,7,1.09316,1.00523,0.7878,1.1139,1.202810238
20,7,1.09316,1.00523,0.7878,1.1139,1.194742943
21,7,1.09316,1.00523,0.7878,1.1139,1.164196873
22,7,1.09316,1.00523,0.7878,1.1139,1.088536608
23,7,1.09316,1.00523,0.7878,1.1139,0.998543187
0,8,1.09316,1.00523,0.7878,1.1139,0.917478618
1,8,1.09316,1.00523,0.7878,1.1139,0.885209436
2,8,1.09316,1.00523,0.7878,1.1139,0.872364422
3,8,1.09316,1.00523,0.7878,1.1139,0.863670541
4,8,1.09316,1.00523,0.7878,1.1139,0.97911902
5,8,1.09316,1.00523,0.7878,1.1139,1.022510104
6,8,1.09316,1.00523,0.7878,1.1139,1.069973997
7,8,1.09316,1.00523,0.7878,1.1139,1.144537736
8,8,1.09316,1.00523,0.7878,1.1139,1.229753438
9,8,1.09316,1.00523,0.7878,1.1139,1.28246499
10,8,1.09316,1.00523,0.7878,1.1139,1.305257057
11,8,1.09316,1.00523,0.7878,1.1139,1.323584699
12,8,1.09316,1.00523,0.7878,1.1139,1.330633792
13,8,1.09316,1.00523,0.7878,1.1139,1.269698299
14,8,1.09316,1.00523,0.7878,1.1139,1.223722548
15,8,1.09316,1.00523,0.7878,1.1139,1.209467715
16,8,1.09316,1.00523,0.7878,1.1139,1.28896582
17,8,1.09316,1.00523,0.7878,1.1139,1.211895736
18,8,1.09316,1.00523,0.7878,1.1139,1.212757292
19,8,1.09316,1.00523,0.7878,1.1139,1.166624894
20,8,1.09316,1.00523,0.7878,1.1139,1.159763777
21,8,1.09316,1.00523,0.7878,1.1139,1.142579655
22,8,1.09316,1.00523,0.7878,1.1139,1.064726339
23,8,1.09316,1.00523,0.7878,1.1139,0.98248692
0,9,1.09316,1.00523,0.7878,1.1139,0.794981046
1,9,1.09316,1.00523,0.7878,1.1139,0.77751496
2,9,1.09316,1.00523,0.7878,1.1139,0.773402989
3,9,1.09316,1.00523,0.7878,1.1139,0.778924778
4,9,1.09316,1.00523,0.7878,1.1139,0.970620947
5,9,1.09316,1.00523,0.7878,1.1139,1.02818854
6,9,1.09316,1.00523,0.7878,1.1139,1.12057082
7,9,1.09316,1.00523,0.7878,1.1139,1.17806009
8,9,1.09316,1.00523,0.7878,1.1139,1.197249287
9,9,1.09316,1.00523,0.7878,1.1139,1.242363483
10,9,1.09316,1.00523,0.7878,1.1139,1.294957549
11,9,1.09316,1.00523,0.7878,1.1139,1.324367931
12,9,1.09316,1.00523,0.7878,1.1139,1.314538363
13,9,1.09316,1.00523,0.7878,1.1139,1.26131771
14,9,1.09316,1.00523,0.7878,1.1139,1.21847489
15,9,1.09316,1.00523,0.7878,1.1139,1.188947022
16,9,1.09316,1.00523,0.7878,1.1139,1.175083806
17,9,1.09316,1.00523,0.7878,1.1139,1.164431843
18,9,1.09316,1.00523,0.7878,1.1139,1.137371158
19,9,1.09316,1.00523,0.7878,1.1139,1.087048466
20,9,1.09316,1.00523,0.7878,1.1139,1.037978947
21,9,1.09316,1.00523,0.7878,1.1139,0.992159842
22,9,1.09316,1.00523,0.7878,1.1139,0.920219932
23,9,1.09316,1.00523,0.7878,1.1139,0.845734515
0,10,1.09316,1.00523,0.7878,1.1139,0.726604844
1,10,1.09316,1.00523,0.7878,1.1139,0.705535888
2,10,1.09316,1.00523,0.7878,1.1139,0.692220934
3,10,1.09316,1.00523,0.7878,1.1139,0.703107867
4,10,1.09316,1.00523,0.7878,1.1139,0.944108525
5,10,1.09316,1.00523,0.7878,1.1139,0.983818415
6,10,1.09316,1.00523,0.7878,1.1139,1.042404211
7,10,1.09316,1.00523,0.7878,1.1139,1.083367273
8,10,1.09316,1.00523,0.7878,1.1139,1.100379085
9,10,1.09316,1.00523,0.7878,1.1139,1.119630941
10,10,1.09316,1.00523,0.7878,1.1139,1.153701557
11,10,1.09316,1.00523,0.7878,1.1139,1.150255334
12,10,1.09316,1.00523,0.7878,1.1139,1.134747329
13,10,1.09316,1.00523,0.7878,1.1139,1.103942793
14,10,1.09316,1.00523,0.7878,1.1139,1.063159873
15,10,1.09316,1.00523,0.7878,1.1139,1.013502929
16,10,1.09316,1.00523,0.7878,1.1139,1.009273473
17,10,1.09316,1.00523,0.7878,1.1139,1.017685391
18,10,1.09316,1.00523,0.7878,1.1139,1.043759203
19,10,1.09316,1.00523,0.7878,1.1139,0.986152448
20,10,1.09316,1.00523,0.7878,1.1139,0.946066606
21,10,1.09316,1.00523,0.7878,1.1139,0.913249162
22,10,1.09316,1.00523,0.7878,1.1139,0.852861932
23,10,1.09316,1.00523,0.7878,1.1139,0.782292678
0,11,1.09316,1.00523,0.7878,1.1139,0.93510135
1,11,1.09316,1.00523,0.7878,1.1139,0.89875936
2,11,1.09316,1.00523,0.7878,1.1139,0.879491839
3,11,1.09316,1.00523,0.7878,1.1139,0.873539271
4,11,1.09316,1.00523,0.7878,1.1139,0.902675522
5,11,1.09316,1.00523,0.7878,1.1139,1.137606128
6,11,1.09316,1.00523,0.7878,1.1139,1.206256462
7,11,1.09316,1.00523,0.7878,1.1139,1.247141201
8,11,1.09316,1.00523,0.7878,1.1139,1.268131834
9,11,1.09316,1.00523,0.7878,1.1139,1.268680096
10,11,1.09316,1.00523,0.7878,1.1139,1.309290705
11,11,1.09316,1.00523,0.7878,1.1139,1.314695009
12,11,1.09316,1.00523,0.7878,1.1139,1.303220652
13,11,1.09316,1.00523,0.7878,1.1139,1.28054607
14,11,1.09316,1.00523,0.7878,1.1139,1.286263667
15,11,1.09316,1.00523,0.7878,1.1139,1.22497572
16,11,1.09316,1.00523,0.7878,1.1139,1.218788183
17,11,1.09316,1.00523,0.7878,1.1139,1.24205019
18,11,1.09316,1.00523,0.7878,1.1139,1.258576397
19,11,1.09316,1.00523,0.7878,1.1139,1.238838936
20,11,1.09316,1.00523,0.7878,1.1139,1.21271813
21,11,1.09316,1.00523,0.7878,1.1139,1.171402613
22,11,1.09316,1.00523,0.7878,1.1139,1.11743789
23,11,1.09316,1.00523,0.7878,1.1139,1.033436198
0,12,1.09316,1.00523,0.7878,1.1139,1.010268179
1,12,1.09316,1.00523,0.7878,1.1139,0.970503462
2,12,1.09316,1.00523,0.7878,1.1139,0.951079294
3,12,1.09316,1.00523,0.7878,1.1139,0.937294401
4,12,1.09316,1.00523,0.7878,1.1139,0.960634732
5,12,1.09316,1.00523,0.7878,1.1139,1.196622701
6,12,1.09316,1.00523,0.7878,1.1139,1.243178044
7,12,1.09316,1.00523,0.7878,1.1139,1.284658041
8,12,1.09316,1.00523,0.7878,1.1139,1.32240985
9,12,1.09316,1.00523,0.7878,1.1139,1.316692252
10,12,1.09316,1.00523,0.7878,1.1139,1.33588145
11,12,1.09316,1.00523,0.7878,1.1139,1.318885303
12,12,1.09316,1.00523,0.7878,1.1139,1.338646261
13,12,1.09316,1.00523,0.7878,1.1139,1.321783264
14,12,1.09316,1.00523,0.7878,1.1139,1.314420878
15,12,1.09316,1.00523,0.7878,1.1139,1.271343087
16,12,1.09316,1.00523,0.7878,1.1139,1.271343087
17,12,1.09316,1.00523,0.7878,1.1139,1.308859927
18,12,1.09316,1.00523,0.7878,1.1139,1.324524578
19,12,1.09316,1.00523,0.7878,1.1139,1.289827376
20,12,1.09316,1.00523,0.7878,1.1139,1.273614462
21,12,1.09316,1.00523,0.7878,1.1139,1.235001097
22,12,1.09316,1.00523,0.7878,1.1139,1.176493624
23,12,1.09316,1.00523,0.7878,1.1139,1.094332529
0,1,0.932419533,1.1677833,0.84357284,1.056226016,1.372042673
1,1,0.932419533,1.1677833,0.84357284,1.056226016,1.13042647
2,1,0.932419533,1.1677833,0.84357284,1.056226016,1.030075774
3,1,0.932419533,1.1677833,0.84357284,1.056226016,0.990507526
4,1,0.932419533,1.1677833,0.84357284,1.056226016,0.982887317
5,1,0.932419533,1.1677833,0.84357284,1.056226016,0.981146844
6,1,0.932419533,1.1677833,0.84357284,1.056226016,1.024717772
7,1,0.932419533,1.1677833,0.84357284,1.056226016,1.198917671
8,1,0.932419533,1.1677833,0.84357284,1.056226016,1.496540119
9,1,0.932419533,1.1677833,0.84357284,1.056226016,1.412965736
10,1,0.932419533,1.1677833,0.84357284,1.056226016,1.21790191
11,1,0.932419533,1.1677833,0.84357284,1.056226016,1.19429663
12,1,0.932419533,1.1677833,0.84357284,1.056226016,1.115476981
13,1,0.932419533,1.1677833,0.84357284,1.056226016,1.069906857
14,1,0.932419533,1.1677833,0.84357284,1.056226016,1.058359766
15,1,0.932419533,1.1677833,0.84357284,1.056226016,1.071522248
16,1,0.932419533,1.1677833,0.84357284,1.056226016,1.133267456
17,1,0.932419533,1.1677833,0.84357284,1.056226016,1.364343997
18,1,0.932419533,1.1677833,0.84357284,1.056226016,1.8417143
19,1,0.932419533,1.1677833,0.84357284,1.056226016,2.160068885
20,1,0.932419533,1.1677833,0.84357284,1.056226016,2.171926179
21,1,0.932419533,1.1677833,0.84357284,1.056226016,2.047885768
22,1,0.932419533,1.1677833,0.84357284,1.056226016,1.910193675
23,1,0.932419533,1.1677833,0.84357284,1.056226016,1.645616437
0,2,0.932419533,1.1677833,0.84357284,1.056226016,1.315408606
1,2,0.932419533,1.1677833,0.84357284,1.056226016,1.072419579
2,2,0.932419533,1.1677833,0.84357284,1.056226016,0.979730421
3,2,0.932419533,1.1677833,0.84357284,1.056226016,0.951509442
4,2,0.932419533,1.1677833,0.84357284,1.056226016,0.996698208
5,2,0.932419533,1.1677833,0.84357284,1.056226016,1.000054326
6,2,0.932419533,1.1677833,0.84357284,1.056226016,1.056642412
7,2,0.932419533,1.1677833,0.84357284,1.056226016,1.255600027
8,2,0.932419533,1.1677833,0.84357284,1.056226016,1.401073156
9,2,0.932419533,1.1677833,0.84357284,1.056226016,1.257001357
10,2,0.932419533,1.1677833,0.84357284,1.056226016,1.010106324
11,2,0.932419533,1.1677833,0.84357284,1.056226016,0.964812085
12,2,0.932419533,1.1677833,0.84357284,1.056226016,0.90792827
13,2,0.932419533,1.1677833,0.84357284,1.056226016,0.855771316
14,2,0.932419533,1.1677833,0.84357284,1.056226016,0.828425687
15,2,0.932419533,1.1677833,0.84357284,1.056226016,0.808713943
16,2,0.932419533,1.1677833,0.84357284,1.056226016,0.841218871
17,2,0.932419533,1.1677833,0.84357284,1.056226016,1.027720453
18,2,0.932419533,1.1677833,0.84357284,1.056226016,1.397226801
19,2,0.932419533,1.1677833,0.84357284,1.056226016,1.70125376
20,2,0.932419533,1.1677833,0.84357284,1.056226016,1.866628243
21,2,0.932419533,1.1677833,0.84357284,1.056226016,1.828144442
22,2,0.932419533,1.1677833,0.84357284,1.056226016,1.694978764
23,2,0.932419533,1.1677833,0.84357284,1.056226016,1.455300679
0,3,0.932419533,1.1677833,0.84357284,1.056226016,1.125649144
1,3,0.932419533,1.1677833,0.84357284,1.056226016,0.885975252
2,3,0.932419533,1.1677833,0.84357284,1.056226016,0.790579942
3,3,0.932419533,1.1677833,0.84357284,1.056226016,0.763260664
4,3,0.932419533,1.1677833,0.84357284,1.056226016,0.761672337
5,3,0.932419533,1.1677833,0.84357284,1.056226016,0.759416742
6,3,0.932419533,1.1677833,0.84357284,1.056226016,0.804371281
7,3,0.932419533,1.1677833,0.84357284,1.056226016,0.939585712
8,3,0.932419533,1.1677833,0.84357284,1.056226016,1.033007677
9,3,0.932419533,1.1677833,0.84357284,1.056226016,0.916793429
10,3,0.932419533,1.1677833,0.84357284,1.056226016,0.786120295
11,3,0.932419533,1.1677833,0.84357284,1.056226016,0.746861621
12,3,0.932419533,1.1677833,0.84357284,1.056226016,0.697661003
13,3,0.932419533,1.1677833,0.84357284,1.056226016,0.659762937
14,3,0.932419533,1.1677833,0.84357284,1.056226016,0.647235035
15,3,0.932419533,1.1677833,0.84357284,1.056226016,0.632342361
16,3,0.932419533,1.1677833,0.84357284,1.056226016,0.694838149
17,3,0.932419533,1.1677833,0.84357284,1.056226016,0.840606126
18,3,0.932419533,1.1677833,0.84357284,1.056226016,1.121772849
19,3,0.932419533,1.1677833,0.84357284,1.056226016,1.374146717
20,3,0.932419533,1.1677833,0.84357284,1.056226016,1.594566016
21,3,0.932419533,1.1677833,0.84357284,1.056226016,1.64585344
22,3,0.932419533,1.1677833,0.84357284,1.056226016,1.508495242
23,3,0.932419533,1.1677833,0.84357284,1.056226016,1.252753093
0,4,0.932419533,1.1677833,0.84357284,1.056226016,0.693601389
1,4,0.932419533,1.1677833,0.84357284,1.056226016,0.614559104
2,4,0.932419533,1.1677833,0.84357284,1.056226016,0.589070232
3,4,0.932419533,1.1677833,0.84357284,1.056226016,0.600251615
4,4,0.932419533,1.1677833,0.84357284,1.056226016,0.616576546
5,4,0.932419533,1.1677833,0.84357284,1.056226016,0.68954231
6,4,0.932419533,1.1677833,0.84357284,1.056226016,0.823642582
7,4,0.932419533,1.1677833,0.84357284,1.056226016,0.878221614
8,4,0.932419533,1.1677833,0.84357284,1.056226016,0.776458255
9,4,0.932419533,1.1677833,0.84357284,1.056226016,0.670002929
10,4,0.932419533,1.1677833,0.84357284,1.056226016,0.66700129
11,4,0.932419533,1.1677833,0.84357284,1.056226016,0.645081449
12,4,0.932419533,1.1677833,0.84357284,1.056226016,0.621116709
13,4,0.932419533,1.1677833,0.84357284,1.056226016,0.58939255
14,4,0.932419533,1.1677833,0.84357284,1.056226016,0.566588029
15,4,0.932419533,1.1677833,0.84357284,1.056226016,0.578698119
16,4,0.932419533,1.1677833,0.84357284,1.056226016,0.641012869
17,4,0.932419533,1.1677833,0.84357284,1.056226016,0.787658902
18,4,0.932419533,1.1677833,0.84357284,1.056226016,0.852478835
19,4,0.932419533,1.1677833,0.84357284,1.056226016,0.95435167
20,4,0.932419533,1.1677833,0.84357284,1.056226016,1.183716545
21,4,0.932419533,1.1677833,0.84357284,1.056226016,1.338035881
22,4,0.932419533,1.1677833,0.84357284,1.056226016,1.135283444
23,4,0.932419533,1.1677833,0.84357284,1.056226016,0.916137857
0,5,0.932419533,1.1677833,0.84357284,1.056226016,0.628660125
1,5,0.932419533,1.1677833,0.84357284,1.056226016,0.53623102
2,5,0.932419533,1.1677833,0.84357284,1.056226016,0.501166819
3,5,0.932419533,1.1677833,0.84357284,1.056226016,0.493969363
4,5,0.932419533,1.1677833,0.84357284,1.056226016,0.488389611
5,5,0.932419533,1.1677833,0.84357284,1.056226016,0.531742406
6,5,0.932419533,1.1677833,0.84357284,1.056226016,0.622914804
7,5,0.932419533,1.1677833,0.84357284,1.056226016,0.767152224
8,5,0.932419533,1.1677833,0.84357284,1.056226016,0.70393511
9,5,0.932419533,1.1677833,0.84357284,1.056226016,0.616375847
10,5,0.932419533,1.1677833,0.84357284,1.056226016,0.604679261
11,5,0.932419533,1.1677833,0.84357284,1.056226016,0.572126889
12,5,0.932419533,1.1677833,0.84357284,1.056226016,0.555535495
13,5,0.932419533,1.1677833,0.84357284,1.056226016,0.535339378
14,5,0.932419533,1.1677833,0.84357284,1.056226016,0.520085699
15,5,0.932419533,1.1677833,0.84357284,1.056226016,0.536799356
16,5,0.932419533,1.1677833,0.84357284,1.056226016,0.61873861
17,5,0.932419533,1.1677833,0.84357284,1.056226016,0.756494953
18,5,0.932419533,1.1677833,0.84357284,1.056226016,0.828778299
19,5,0.932419533,1.1677833,0.84357284,1.056226016,0.921926637
20,5,0.932419533,1.1677833,0.84357284,1.056226016,1.130045112
21,5,0.932419533,1.1677833,0.84357284,1.056226016,1.28003844
22,5,0.932419533,1.1677833,0.84357284,1.056226016,1.067515251
23,5,0.932419533,1.1677833,0.84357284,1.056226016,0.837389634
0,6,0.932419533,1.1677833,0.84357284,1.056226016,0.66145366
1,6,0.932419533,1.1677833,0.84357284,1.056226016,0.393951455
2,6,0.932419533,1.1677833,0.84357284,1.056226016,0.355937599
3,6,0.932419533,1.1677833,0.84357284,1.056226016,0.355621847
4,6,0.932419533,1.1677833,0.84357284,1.056226016,0.365101569
5,6,0.932419533,1.1677833,0.84357284,1.056226016,0.407228512
6,6,0.932419533,1.1677833,0.84357284,1.056226016,0.506359124
7,6,0.932419533,1.1677833,0.84357284,1.056226016,0.613422122
8,6,0.932419533,1.1677833,0.84357284,1.056226016,0.545143451
9,6,0.932419533,1.1677833,0.84357284,1.056226016,0.616219896
10,6,0.932419533,1.1677833,0.84357284,1.056226016,0.681780353
11,6,0.932419533,1.1677833,0.84357284,1.056226016,0.871885509
12,6,0.932419533,1.1677833,0.84357284,1.056226016,1.00481857
13,6,0.932419533,1.1677833,0.84357284,1.056226016,1.183775555
14,6,0.932419533,1.1677833,0.84357284,1.056226016,1.352527258
15,6,0.932419533,1.1677833,0.84357284,1.056226016,1.655593651
16,6,0.932419533,1.1677833,0.84357284,1.056226016,1.910774335
17,6,0.932419533,1.1677833,0.84357284,1.056226016,2.129025871
18,6,0.932419533,1.1677833,0.84357284,1.056226016,2.130246646
19,6,0.932419533,1.1677833,0.84357284,1.056226016,2.023923223
20,6,0.932419533,1.1677833,0.84357284,1.056226016,1.879771569
21,6,0.932419533,1.1677833,0.84357284,1.056226016,1.78431452
22,6,0.932419533,1.1677833,0.84357284,1.056226016,1.350202502
23,6,0.932419533,1.1677833,0.84357284,1.056226016,0.873654658
0,7,0.932419533,1.1677833,0.84357284,1.056226016,0.958080073
1,7,0.932419533,1.1677833,0.84357284,1.056226016,0.676684998
2,7,0.932419533,1.1677833,0.84357284,1.056226016,0.541307723
3,7,0.932419533,1.1677833,0.84357284,1.056226016,0.469294166
4,7,0.932419533,1.1677833,0.84357284,1.056226016,0.362019131
5,7,0.932419533,1.1677833,0.84357284,1.056226016,0.408565327
6,7,0.932419533,1.1677833,0.84357284,1.056226016,0.477258413
7,7,0.932419533,1.1677833,0.84357284,1.056226016,0.624899977
8,7,0.932419533,1.1677833,0.84357284,1.056226016,0.800624211
9,7,0.932419533,1.1677833,0.84357284,1.056226016,0.900549193
10,7,0.932419533,1.1677833,0.84357284,1.056226016,1.174868489
11,7,0.932419533,1.1677833,0.84357284,1.056226016,1.418481135
12,7,0.932419533,1.1677833,0.84357284,1.056226016,1.688740142
13,7,0.932419533,1.1677833,0.84357284,1.056226016,1.895565209
14,7,0.932419533,1.1677833,0.84357284,1.056226016,2.055745646
15,7,0.932419533,1.1677833,0.84357284,1.056226016,2.065477852
16,7,0.932419533,1.1677833,0.84357284,1.056226016,2.350537396
17,7,0.932419533,1.1677833,0.84357284,1.056226016,2.455632221
18,7,0.932419533,1.1677833,0.84357284,1.056226016,2.436039308
19,7,0.932419533,1.1677833,0.84357284,1.056226016,2.282300162
20,7,0.932419533,1.1677833,0.84357284,1.056226016,2.205531204
21,7,0.932419533,1.1677833,0.84357284,1.056226016,2.206826585
22,7,0.932419533,1.1677833,0.84357284,1.056226016,1.787037944
23,7,0.932419533,1.1677833,0.84357284,1.056226016,1.270767959
0,8,0.932419533,1.1677833,0.84357284,1.056226016,0.61388611
1,8,0.932419533,1.1677833,0.84357284,1.056226016,0.436577346
2,8,0.932419533,1.1677833,0.84357284,1.056226016,0.34098778
3,8,0.932419533,1.1677833,0.84357284,1.056226016,0.332814145
4,8,0.932419533,1.1677833,0.84357284,1.056226016,0.331320373
5,8,0.932419533,1.1677833,0.84357284,1.056226016,0.365905481
6,8,0.932419533,1.1677833,0.84357284,1.056226016,0.480179866
7,8,0.932419533,1.1677833,0.84357284,1.056226016,0.649536119
8,8,0.932419533,1.1677833,0.84357284,1.056226016,0.591787302
9,8,0.932419533,1.1677833,0.84357284,1.056226016,0.514274729
10,8,0.932419533,1.1677833,0.84357284,1.056226016,0.511996991
11,8,0.932419533,1.1677833,0.84357284,1.056226016,0.521599501
12,8,0.932419533,1.1677833,0.84357284,1.056226016,0.511816338
13,8,0.932419533,1.1677833,0.84357284,1.056226016,0.526778192
14,8,0.932419533,1.1677833,0.84357284,1.056226016,0.763549079
15,8,0.932419533,1.1677833,0.84357284,1.056226016,0.956620611
16,8,0.932419533,1.1677833,0.84357284,1.056226016,0.729640343
17,8,0.932419533,1.1677833,0.84357284,1.056226016,0.711901111
18,8,0.932419533,1.1677833,0.84357284,1.056226016,0.78704984
19,8,0.932419533,1.1677833,0.84357284,1.056226016,0.892605476
20,8,0.932419533,1.1677833,0.84357284,1.056226016,1.099022889
21,8,0.932419533,1.1677833,0.84357284,1.056226016,1.228924096
22,8,0.932419533,1.1677833,0.84357284,1.056226016,0.976187916
23,8,0.932419533,1.1677833,0.84357284,1.056226016,0.735217113
0,9,0.932419533,1.1677833,0.84357284,1.056226016,0.631040644
1,9,0.932419533,1.1677833,0.84357284,1.056226016,0.549502105
2,9,0.932419533,1.1677833,0.84357284,1.056226016,0.515472502
3,9,0.932419533,1.1677833,0.84357284,1.056226016,0.514385918
4,9,0.932419533,1.1677833,0.84357284,1.056226016,0.522761655
5,9,0.932419533,1.1677833,0.84357284,1.056226016,0.562714764
6,9,0.932419533,1.1677833,0.84357284,1.056226016,0.697941491
7,9,0.932419533,1.1677833,0.84357284,1.056226016,0.928318474
8,9,0.932419533,1.1677833,0.84357284,1.056226016,0.827814876
9,9,0.932419533,1.1677833,0.84357284,1.056226016,0.695265333
10,9,0.932419533,1.1677833,0.84357284,1.056226016,0.657555627
11,9,0.932419533,1.1677833,0.84357284,1.056226016,0.616616034
12,9,0.932419533,1.1677833,0.84357284,1.056226016,0.581042427
13,9,0.932419533,1.1677833,0.84357284,1.056226016,0.620386046
14,9,0.932419533,1.1677833,0.84357284,1.056226016,0.546710598
15,9,0.932419533,1.1677833,0.84357284,1.056226016,0.558447472
16,9,0.932419533,1.1677833,0.84357284,1.056226016,0.643011746
17,9,0.932419533,1.1677833,0.84357284,1.056226016,0.80656213
18,9,0.932419533,1.1677833,0.84357284,1.056226016,0.93783774
19,9,0.932419533,1.1677833,0.84357284,1.056226016,1.117581388
20,9,0.932419533,1.1677833,0.84357284,1.056226016,1.349608003
21,9,0.932419533,1.1677833,0.84357284,1.056226016,1.287627472
22,9,0.932419533,1.1677833,0.84357284,1.056226016,1.040976128
23,9,0.932419533,1.1677833,0.84357284,1.056226016,0.802012624
0,10,0.932419533,1.1677833,0.84357284,1.056226016,1.078109363
1,10,0.932419533,1.1677833,0.84357284,1.056226016,0.830677236
2,10,0.932419533,1.1677833,0.84357284,1.056226016,0.748017908
3,10,0.932419533,1.1677833,0.84357284,1.056226016,0.702248287
4,10,0.932419533,1.1677833,0.84357284,1.056226016,0.705219066
5,10,0.932419533,1.1677833,0.84357284,1.056226016,0.702786419
6,10,0.932419533,1.1677833,0.84357284,1.056226016,0.754333508
7,10,0.932419533,1.1677833,0.84357284,1.056226016,0.917935273
8,10,0.932419533,1.1677833,0.84357284,1.056226016,1.092659713
9,10,0.932419533,1.1677833,0.84357284,1.056226016,0.969272647
10,10,0.932419533,1.1677833,0.84357284,1.056226016,0.733376255
11,10,0.932419533,1.1677833,0.84357284,1.056226016,0.677698102
12,10,0.932419533,1.1677833,0.84357284,1.056226016,0.621028437
13,10,0.932419533,1.1677833,0.84357284,1.056226016,0.582766475
14,10,0.932419533,1.1677833,0.84357284,1.056226016,0.567528696
15,10,0.932419533,1.1677833,0.84357284,1.056226016,0.562915134
16,10,0.932419533,1.1677833,0.84357284,1.056226016,0.588806352
17,10,0.932419533,1.1677833,0.84357284,1.056226016,0.69853699
18,10,0.932419533,1.1677833,0.84357284,1.056226016,0.935955534
19,10,0.932419533,1.1677833,0.84357284,1.056226016,1.156385743
20,10,0.932419533,1.1677833,0.84357284,1.056226016,1.407089688
21,10,0.932419533,1.1677833,0.84357284,1.056226016,1.492588897
22,10,0.932419533,1.1677833,0.84357284,1.056226016,1.367435293
23,10,0.932419533,1.1677833,0.84357284,1.056226016,1.125848227
0,11,0.932419533,1.1677833,0.84357284,1.056226016,1.094529179
1,11,0.932419533,1.1677833,0.84357284,1.056226016,0.828129176
2,11,0.932419533,1.1677833,0.84357284,1.056226016,0.721118832
3,11,0.932419533,1.1677833,0.84357284,1.056226016,0.681366266
4,11,0.932419533,1.1677833,0.84357284,1.056226016,0.703126163
5,11,0.932419533,1.1677833,0.84357284,1.056226016,0.697232331
6,11,0.932419533,1.1677833,0.84357284,1.056226016,0.729964113
7,11,0.932419533,1.1677833,0.84357284,1.056226016,0.859503571
8,11,0.932419533,1.1677833,0.84357284,1.056226016,1.092446352
9,11,0.932419533,1.1677833,0.84357284,1.056226016,1.032951043
10,11,0.932419533,1.1677833,0.84357284,1.056226016,0.914628285
11,11,0.932419533,1.1677833,0.84357284,1.056226016,0.888584785
12,11,0.932419533,1.1677833,0.84357284,1.056226016,0.891522988
13,11,0.932419533,1.1677833,0.84357284,1.056226016,0.857987976
14,11,0.932419533,1.1677833,0.84357284,1.056226016,0.844287818
15,11,0.932419533,1.1677833,0.84357284,1.056226016,0.867315044
16,11,0.932419533,1.1677833,0.84357284,1.056226016,0.952061288
17,11,0.932419533,1.1677833,0.84357284,1.056226016,1.168519909
18,11,0.932419533,1.1677833,0.84357284,1.056226016,1.590661049
19,11,0.932419533,1.1677833,0.84357284,1.056226016,1.802491305
20,11,0.932419533,1.1677833,0.84357284,1.056226016,1.765191713
21,11,0.932419533,1.1677833,0.84357284,1.056226016,1.699305034
22,11,0.932419533,1.1677833,0.84357284,1.056226016,1.565020027
23,11,0.932419533,1.1677833,0.84357284,1.056226016,1.309808776
0,12,0.932419533,1.1677833,0.84357284,1.056226016,1.168607759
1,12,0.932419533,1.1677833,0.84357284,1.056226016,0.913665453
2,12,0.932419533,1.1677833,0.84357284,1.056226016,0.820282055
3,12,0.932419533,1.1677833,0.84357284,1.056226016,0.775006329
4,12,0.932419533,1.1677833,0.84357284,1.056226016,0.771377882
5,12,0.932419533,1.1677833,0.84357284,1.056226016,0.772208796
6,12,0.932419533,1.1677833,0.84357284,1.056226016,0.816537733
7,12,0.932419533,1.1677833,0.84357284,1.056226016,0.986097004
8,12,0.932419533,1.1677833,0.84357284,1.056226016,1.28474513
9,12,0.932419533,1.1677833,0.84357284,1.056226016,1.231697295
10,12,0.932419533,1.1677833,0.84357284,1.056226016,1.076075592
11,12,0.932419533,1.1677833,0.84357284,1.056226016,1.068180676
12,12,0.932419533,1.1677833,0.84357284,1.056226016,1.059953469
13,12,0.932419533,1.1677833,0.84357284,1.056226016,1.029617093
14,12,0.932419533,1.1677833,0.84357284,1.056226016,1.005634331
15,12,0.932419533,1.1677833,0.84357284,1.056226016,1.012150153
16,12,0.932419533,1.1677833,0.84357284,1.056226016,1.107360761
17,12,0.932419533,1.1677833,0.84357284,1.056226016,1.373876498
18,12,0.932419533,1.1677833,0.84357284,1.056226016,1.864040194
19,12,0.932419533,1.1677833,0.84357284,1.056226016,2.082724778
20,12,0.932419533,1.1677833,0.84357284,1.056226016,1.98139916
21,12,0.932419533,1.1677833,0.84357284,1.056226016,1.923519423
22,12,0.932419533,1.1677833,0.84357284,1.056226016,1.805097686
23,12,0.932419533,1.1677833,0.84357284,1.056226016,1.541373608
0,1,1.182814951,0.787409015,1.037246655,0.992529535,0.647178606
1,1,1.182814951,0.787409015,1.037246655,0.992529535,0.462788705
2,1,1.182814951,0.787409015,1.037246655,0.992529535,0.383144748
3,1,1.182814951,0.787409015,1.037246655,0.992529535,0.361625034
4,1,1.182814951,0.787409015,1.037246655,0.992529535,0.35970487
5,1,1.182814951,0.787409015,1.037246655,0.992529535,0.375743102
6,1,1.182814951,0.787409015,1.037246655,0.992529535,0.52063469
7,1,1.182814951,0.787409015,1.037246655,0.992529535,0.812399609
8,1,1.182814951,0.787409015,1.037246655,0.992529535,0.952835023
9,1,1.182814951,0.787409015,1.037246655,0.992529535,0.865967317
10,1,1.182814951,0.787409015,1.037246655,0.992529535,0.719534291
11,1,1.182814951,0.787409015,1.037246655,0.992529535,0.657003746
12,1,1.182814951,0.787409015,1.037246655,0.992529535,0.610569606
13,1,1.182814951,0.787409015,1.037246655,0.992529535,0.572110171
14,1,1.182814951,0.787409015,1.037246655,0.992529535,0.557522288
15,1,1.182814951,0.787409015,1.037246655,0.992529535,0.55238427
16,1,1.182814951,0.787409015,1.037246655,0.992529535,0.586097634
17,1,1.182814951,0.787409015,1.037246655,0.992529535,0.714005102
18,1,1.182814951,0.787409015,1.037246655,0.992529535,0.947059615
19,1,1.182814951,0.787409015,1.037246655,0.992529535,1.136792234
20,1,1.182814951,0.787409015,1.037246655,0.992529535,1.150225957
21,1,1.182814951,0.787409015,1.037246655,0.992529535,1.086454091
22,1,1.182814951,0.787409015,1.037246655,0.992529535,0.992718934
23,1,1.182814951,0.787409015,1.037246655,0.992529535,0.816387043
0,2,1.182814951,0.787409015,1.037246655,0.992529535,0.646724785
1,2,1.182814951,0.787409015,1.037246655,0.992529535,0.461758109
2,2,1.182814951,0.787409015,1.037246655,0.992529535,0.383422164
3,2,1.182814951,0.787409015,1.037246655,0.992529535,0.361179796
4,2,1.182814951,0.787409015,1.037246655,0.992529535,0.359106103
5,2,1.182814951,0.787409015,1.037246655,0.992529535,0.374093829
6,2,1.182814951,0.787409015,1.037246655,0.992529535,0.516901811
7,2,1.182814951,0.787409015,1.037246655,0.992529535,0.792956526
8,2,1.182814951,0.787409015,1.037246655,0.992529535,0.922004542
9,2,1.182814951,0.787409015,1.037246655,0.992529535,0.850465962
10,2,1.182814951,0.787409015,1.037246655,0.992529535,0.773544606
11,2,1.182814951,0.787409015,1.037246655,0.992529535,0.735501482
12,2,1.182814951,0.787409015,1.037246655,0.992529535,0.726140151
13,2,1.182814951,0.787409015,1.037246655,0.992529535,0.718345423
14,2,1.182814951,0.787409015,1.037246655,0.992529535,0.729197344
15,2,1.182814951,0.787409015,1.037246655,0.992529535,0.78577611
16,2,1.182814951,0.787409015,1.037246655,0.992529535,0.822021133
17,2,1.182814951,0.787409015,1.037246655,0.992529535,0.92697026
18,2,1.182814951,0.787409015,1.037246655,0.992529535,1.089436496
19,2,1.182814951,0.787409015,1.037246655,0.992529535,1.31092758
20,2,1.182814951,0.787409015,1.037246655,0.992529535,1.356353801
21,2,1.182814951,0.787409015,1.037246655,0.992529535,1.292001235
22,2,1.182814951,0.787409015,1.037246655,0.992529535,1.158211585
23,2,1.182814951,0.787409015,1.037246655,0.992529535,0.926433486
0,3,1.182814951,0.787409015,1.037246655,0.992529535,0.818376854
1,3,1.182814951,0.787409015,1.037246655,0.992529535,0.590477069
2,3,1.182814951,0.787409015,1.037246655,0.992529535,0.476384319
3,3,1.182814951,0.787409015,1.037246655,0.992529535,0.432453936
4,3,1.182814951,0.787409015,1.037246655,0.992529535,0.41830732
5,3,1.182814951,0.787409015,1.037246655,0.992529535,0.422568739
6,3,1.182814951,0.787409015,1.037246655,0.992529535,0.565513764
7,3,1.182814951,0.787409015,1.037246655,0.992529535,0.869968213
8,3,1.182814951,0.787409015,1.037246655,0.992529535,1.004736772
9,3,1.182814951,0.787409015,1.037246655,0.992529535,0.9427773
10,3,1.182814951,0.787409015,1.037246655,0.992529535,0.859997846
11,3,1.182814951,0.787409015,1.037246655,0.992529535,0.830693506
12,3,1.182814951,0.787409015,1.037246655,0.992529535,0.796165318
13,3,1.182814951,0.787409015,1.037246655,0.992529535,0.781157487
14,3,1.182814951,0.787409015,1.037246655,0.992529535,0.808983926
15,3,1.182814951,0.787409015,1.037246655,0.992529535,0.826688288
16,3,1.182814951,0.787409015,1.037246655,0.992529535,0.896963666
17,3,1.182814951,0.787409015,1.037246655,0.992529535,0.970209609
18,3,1.182814951,0.787409015,1.037246655,0.992529535,1.154245126
19,3,1.182814951,0.787409015,1.037246655,0.992529535,1.32467843
20,3,1.182814951,0.787409015,1.037246655,0.992529535,1.388448063
21,3,1.182814951,0.787409015,1.037246655,0.992529535,1.368524937
22,3,1.182814951,0.787409015,1.037246655,0.992529535,1.253661915
23,3,1.182814951,0.787409015,1.037246655,0.992529535,1.031105685
0,4,1.182814951,0.787409015,1.037246655,0.992529535,0.536811134
1,4,1.182814951,0.787409015,1.037246655,0.992529535,0.428701659
2,4,1.182814951,0.787409015,1.037246655,0.992529535,0.384059072
3,4,1.182814951,0.787409015,1.037246655,0.992529535,0.361034925
4,4,1.182814951,0.787409015,1.037246655,0.992529535,0.356523781
5,4,1.182814951,0.787409015,1.037246655,0.992529535,0.47698385
6,4,1.182814951,0.787409015,1.037246655,0.992529535,0.675995742
7,4,1.182814951,0.787409015,1.037246655,0.992529535,0.856048249
8,4,1.182814951,0.787409015,1.037246655,0.992529535,0.811715406
9,4,1.182814951,0.787409015,1.037246655,0.992529535,0.797883992
10,4,1.182814951,0.787409015,1.037246655,0.992529535,0.826122572
11,4,1.182814951,0.787409015,1.037246655,0.992529535,0.835765924
12,4,1.182814951,0.787409015,1.037246655,0.992529535,0.847886973
13,4,1.182814951,0.787409015,1.037246655,0.992529535,0.895879367
14,4,1.182814951,0.787409015,1.037246655,0.992529535,0.953082383
15,4,1.182814951,0.787409015,1.037246655,0.992529535,1.059176902
16,4,1.182814951,0.787409015,1.037246655,0.992529535,1.236948943
17,4,1.182814951,0.787409015,1.037246655,0.992529535,1.473553397
18,4,1.182814951,0.787409015,1.037246655,0.992529535,1.469151989
19,4,1.182814951,0.787409015,1.037246655,0.992529535,1.386660022
20,4,1.182814951,0.787409015,1.037246655,0.992529535,1.357213571
21,4,1.182814951,0.787409015,1.037246655,0.992529535,1.313816909
22,4,1.182814951,0.787409015,1.037246655,0.992529535,1.099104414
23,4,1.182814951,0.787409015,1.037246655,0.992529535,0.889087226
0,5,1.182814951,0.787409015,1.037246655,0.992529535,0.812147898
1,5,1.182814951,0.787409015,1.037246655,0.992529535,0.686167663
2,5,1.182814951,0.787409015,1.037246655,0.992529535,0.617457535
3,5,1.182814951,0.787409015,1.037246655,0.992529535,0.575753186
4,5,1.182814951,0.787409015,1.037246655,0.992529535,0.574624816
5,5,1.182814951,0.787409015,1.037246655,0.992529535,0.691300584
6,5,1.182814951,0.787409015,1.037246655,0.992529535,0.940322668
7,5,1.182814951,0.787409015,1.037246655,0.992529535,1.081870432
8,5,1.182814951,0.787409015,1.037246655,0.992529535,1.041334761
9,5,1.182814951,0.787409015,1.037246655,0.992529535,1.051680669
10,5,1.182814951,0.787409015,1.037246655,0.992529535,1.084273968
11,5,1.182814951,0.787409015,1.037246655,0.992529535,1.14851674
12,5,1.182814951,0.787409015,1.037246655,0.992529535,1.095414231
13,5,1.182814951,0.787409015,1.037246655,0.992529535,1.163227393
14,5,1.182814951,0.787409015,1.037246655,0.992529535,1.203579733
15,5,1.182814951,0.787409015,1.037246655,0.992529535,1.311270005
16,5,1.182814951,0.787409015,1.037246655,0.992529535,1.374234368
17,5,1.182814951,0.787409015,1.037246655,0.992529535,1.592415744
18,5,1.182814951,0.787409015,1.037246655,0.992529535,1.607506768
19,5,1.182814951,0.787409015,1.037246655,0.992529535,1.579259881
20,5,1.182814951,0.787409015,1.037246655,0.992529535,1.558409929
21,5,1.182814951,0.787409015,1.037246655,0.992529535,1.50665753
22,5,1.182814951,0.787409015,1.037246655,0.992529535,1.292725689
23,5,1.182814951,0.787409015,1.037246655,0.992529535,1.07406502
0,6,1.182814951,0.787409015,1.037246655,0.992529535,0.94120397
1,6,1.182814951,0.787409015,1.037246655,0.992529535,0.812168414
2,6,1.182814951,0.787409015,1.037246655,0.992529535,0.754519183
3,6,1.182814951,0.787409015,1.037246655,0.992529535,0.714154674
4,6,1.182814951,0.787409015,1.037246655,0.992529535,0.660747835
5,6,1.182814951,0.787409015,1.037246655,0.992529535,0.758825474
6,6,1.182814951,0.787409015,1.037246655,0.992529535,0.990178398
7,6,1.182814951,0.787409015,1.037246655,0.992529535,1.091213826
8,6,1.182814951,0.787409015,1.037246655,0.992529535,1.049585387
9,6,1.182814951,0.787409015,1.037246655,0.992529535,1.024891886
10,6,1.182814951,0.787409015,1.037246655,0.992529535,1.088064885
11,6,1.182814951,0.787409015,1.037246655,0.992529535,1.025771541
12,6,1.182814951,0.787409015,1.037246655,0.992529535,0.895027571
13,6,1.182814951,0.787409015,1.037246655,0.992529535,0.979821473
14,6,1.182814951,0.787409015,1.037246655,0.992529535,1.109358535
15,6,1.182814951,0.787409015,1.037246655,0.992529535,1.206362254
16,6,1.182814951,0.787409015,1.037246655,0.992529535,1.357185484
17,6,1.182814951,0.787409015,1.037246655,0.992529535,1.618547625
18,6,1.182814951,0.787409015,1.037246655,0.992529535,1.602743876
19,6,1.182814951,0.787409015,1.037246655,0.992529535,1.567666554
20,6,1.182814951,0.787409015,1.037246655,0.992529535,1.553000431
21,6,1.182814951,0.787409015,1.037246655,0.992529535,1.496933747
22,6,1.182814951,0.787409015,1.037246655,0.992529535,1.302873205
23,6,1.182814951,0.787409015,1.037246655,0.992529535,1.087487289
0,7,1.182814951,0.787409015,1.037246655,0.992529535,0.938177677
1,7,1.182814951,0.787409015,1.037246655,0.992529535,0.816268095
2,7,1.182814951,0.787409015,1.037246655,0.992529535,0.739819955
3,7,1.182814951,0.787409015,1.037246655,0.992529535,0.706996498
4,7,1.182814951,0.787409015,1.037246655,0.992529535,0.682227211
5,7,1.182814951,0.787409015,1.037246655,0.992529535,0.785954069
6,7,1.182814951,0.787409015,1.037246655,0.992529535,1.016542373
7,7,1.182814951,0.787409015,1.037246655,0.992529535,1.124960301
8,7,1.182814951,0.787409015,1.037246655,0.992529535,1.092538773
9,7,1.182814951,0.787409015,1.037246655,0.992529535,1.123991715
10,7,1.182814951,0.787409015,1.037246655,0.992529535,1.177187191
11,7,1.182814951,0.787409015,1.037246655,0.992529535,1.221341678
12,7,1.182814951,0.787409015,1.037246655,0.992529535,1.311744171
13,7,1.182814951,0.787409015,1.037246655,0.992529535,1.323291465
14,7,1.182814951,0.787409015,1.037246655,0.992529535,1.385285591
15,7,1.182814951,0.787409015,1.037246655,0.992529535,1.496736583
16,7,1.182814951,0.787409015,1.037246655,0.992529535,1.463304223
17,7,1.182814951,0.787409015,1.037246655,0.992529535,1.64198371
18,7,1.182814951,0.787409015,1.037246655,0.992529535,1.500734166
19,7,1.182814951,0.787409015,1.037246655,0.992529535,1.485934216
20,7,1.182814951,0.787409015,1.037246655,0.992529535,1.488567019
21,7,1.182814951,0.787409015,1.037246655,0.992529535,1.49032801
22,7,1.182814951,0.787409015,1.037246655,0.992529535,1.313776263
23,7,1.182814951,0.787409015,1.037246655,0.992529535,1.106054453
0,8,1.182814951,0.787409015,1.037246655,0.992529535,0.815426848
1,8,1.182814951,0.787409015,1.037246655,0.992529535,0.704316292
2,8,1.182814951,0.787409015,1.037246655,0.992529535,0.65219111
3,8,1.182814951,0.787409015,1.037246655,0.992529535,0.627037785
4,8,1.182814951,0.787409015,1.037246655,0.992529535,0.630916331
5,8,1.182814951,0.787409015,1.037246655,0.992529535,0.729203285
6,8,1.182814951,0.787409015,1.037246655,0.992529535,0.954420519
7,8,1.182814951,0.787409015,1.037246655,0.992529535,1.092548671
8,8,1.182814951,0.787409015,1.037246655,0.992529535,1.073459053
9,8,1.182814951,0.787409015,1.037246655,0.992529535,1.082511157
10,8,1.182814951,0.787409015,1.037246655,0.992529535,1.140577375
11,8,1.182814951,0.787409015,1.037246655,0.992529535,1.161558935
12,8,1.182814951,0.787409015,1.037246655,0.992529535,1.148527765
13,8,1.182814951,0.787409015,1.037246655,0.992529535,1.145519665
14,8,1.182814951,0.787409015,1.037246655,0.992529535,1.197852048
15,8,1.182814951,0.787409015,1.037246655,0.992529535,1.283512217
16,8,1.182814951,0.787409015,1.037246655,0.992529535,1.392742753
17,8,1.182814951,0.787409015,1.037246655,0.992529535,1.595372477
18,8,1.182814951,0.787409015,1.037246655,0.992529535,1.598911925
19,8,1.182814951,0.787409015,1.037246655,0.992529535,1.551888478
20,8,1.182814951,0.787409015,1.037246655,0.992529535,1.521556145
21,8,1.182814951,0.787409015,1.037246655,0.992529535,1.527017232
22,8,1.182814951,0.787409015,1.037246655,0.992529535,1.299598546
23,8,1.182814951,0.787409015,1.037246655,0.992529535,1.095844632
0,9,1.182814951,0.787409015,1.037246655,0.992529535,0.960191934
1,9,1.182814951,0.787409015,1.037246655,0.992529535,0.849438696
2,9,1.182814951,0.787409015,1.037246655,0.992529535,0.793695772
3,9,1.182814951,0.787409015,1.037246655,0.992529535,0.754585419
4,9,1.182814951,0.787409015,1.037246655,0.992529535,0.717893105
5,9,1.182814951,0.787409015,1.037246655,0.992529535,0.784484538
6,9,1.182814951,0.787409015,1.037246655,0.992529535,1.035779827
7,9,1.182814951,0.787409015,1.037246655,0.992529535,1.158494045
8,9,1.182814951,0.787409015,1.037246655,0.992529535,1.139619717
9,9,1.182814951,0.787409015,1.037246655,0.992529535,1.103992598
10,9,1.182814951,0.787409015,1.037246655,0.992529535,1.116866523
11,9,1.182814951,0.787409015,1.037246655,0.992529535,1.136905274
12,9,1.182814951,0.787409015,1.037246655,0.992529535,1.184070206
13,9,1.182814951,0.787409015,1.037246655,0.992529535,1.220332615
14,9,1.182814951,0.787409015,1.037246655,0.992529535,1.310301336
15,9,1.182814951,0.787409015,1.037246655,0.992529535,1.436136366
16,9,1.182814951,0.787409015,1.037246655,0.992529535,1.54433978
17,9,1.182814951,0.787409015,1.037246655,0.992529535,1.813686621
18,9,1.182814951,0.787409015,1.037246655,0.992529535,1.770200948
19,9,1.182814951,0.787409015,1.037246655,0.992529535,1.751978116
20,9,1.182814951,0.787409015,1.037246655,0.992529535,1.772327386
21,9,1.182814951,0.787409015,1.037246655,0.992529535,1.671987544
22,9,1.182814951,0.787409015,1.037246655,0.992529535,1.450977138
23,9,1.182814951,0.787409015,1.037246655,0.992529535,1.228134332
0,10,1.182814951,0.787409015,1.037246655,0.992529535,1.075368701
1,10,1.182814951,0.787409015,1.037246655,0.992529535,0.842827297
2,10,1.182814951,0.787409015,1.037246655,0.992529535,0.745591808
3,10,1.182814951,0.787409015,1.037246655,0.992529535,0.638697207
4,10,1.182814951,0.787409015,1.037246655,0.992529535,0.587547232
5,10,1.182814951,0.787409015,1.037246655,0.992529535,0.572011675
6,10,1.182814951,0.787409015,1.037246655,0.992529535,0.693473396
7,10,1.182814951,0.787409015,1.037246655,0.992529535,1.007478834
8,10,1.182814951,0.787409015,1.037246655,0.992529535,1.187850826
9,10,1.182814951,0.787409015,1.037246655,0.992529535,1.132329897
10,10,1.182814951,0.787409015,1.037246655,0.992529535,0.986253023
11,10,1.182814951,0.787409015,1.037246655,0.992529535,0.938658448
12,10,1.182814951,0.787409015,1.037246655,0.992529535,0.91585309
13,10,1.182814951,0.787409015,1.037246655,0.992529535,0.903941035
14,10,1.182814951,0.787409015,1.037246655,0.992529535,0.913430459
15,10,1.182814951,0.787409015,1.037246655,0.992529535,0.970024459
16,10,1.182814951,0.787409015,1.037246655,0.992529535,0.991800641
17,10,1.182814951,0.787409015,1.037246655,0.992529535,1.076952693
18,10,1.182814951,0.787409015,1.037246655,0.992529535,1.235906609
19,10,1.182814951,0.787409015,1.037246655,0.992529535,1.417379806
20,10,1.182814951,0.787409015,1.037246655,0.992529535,1.484539024
21,10,1.182814951,0.787409015,1.037246655,0.992529535,1.460344297
22,10,1.182814951,0.787409015,1.037246655,0.992529535,1.334379738
23,10,1.182814951,0.787409015,1.037246655,0.992529535,1.112814999
0,11,1.182814951,0.787409015,1.037246655,0.992529535,0.981266135
1,11,1.182814951,0.787409015,1.037246655,0.992529535,0.753098698
2,11,1.182814951,0.787409015,1.037246655,0.992529535,0.644258703
3,11,1.182814951,0.787409015,1.037246655,0.992529535,0.598777885
4,11,1.182814951,0.787409015,1.037246655,0.992529535,0.583823827
5,11,1.182814951,0.787409015,1.037246655,0.992529535,0.590988081
6,11,1.182814951,0.787409015,1.037246655,0.992529535,0.734191183
7,11,1.182814951,0.787409015,1.037246655,0.992529535,1.047899808
8,11,1.182814951,0.787409015,1.037246655,0.992529535,1.194195278
9,11,1.182814951,0.787409015,1.037246655,0.992529535,1.124525936
10,11,1.182814951,0.787409015,1.037246655,0.992529535,0.985564509
11,11,1.182814951,0.787409015,1.037246655,0.992529535,1.003331796
12,11,1.182814951,0.787409015,1.037246655,0.992529535,1.008928765
13,11,1.182814951,0.787409015,1.037246655,0.992529535,1.008479992
14,11,1.182814951,0.787409015,1.037246655,0.992529535,1.049118437
15,11,1.182814951,0.787409015,1.037246655,0.992529535,1.024988089
16,11,1.182814951,0.787409015,1.037246655,0.992529535,1.123776815
17,11,1.182814951,0.787409015,1.037246655,0.992529535,1.272515762
18,11,1.182814951,0.787409015,1.037246655,0.992529535,1.538625427
19,11,1.182814951,0.787409015,1.037246655,0.992529535,1.678529003
20,11,1.182814951,0.787409015,1.037246655,0.992529535,1.631132505
21,11,1.182814951,0.787409015,1.037246655,0.992529535,1.55721501
22,11,1.182814951,0.787409015,1.037246655,0.992529535,1.418820926
23,11,1.182814951,0.787409015,1.037246655,0.992529535,1.179855354
0,12,1.182814951,0.787409015,1.037246655,0.992529535,0.78579597
1,12,1.182814951,0.787409015,1.037246655,0.992529535,0.548259582
2,12,1.182814951,0.787409015,1.037246655,0.992529535,0.443896441
3,12,1.182814951,0.787409015,1.037246655,0.992529535,0.393480884
4,12,1.182814951,0.787409015,1.037246655,0.992529535,0.377882647
5,12,1.182814951,0.787409015,1.037246655,0.992529535,0.396368163
6,12,1.182814951,0.787409015,1.037246655,0.992529535,0.563343095
7,12,1.182814951,0.787409015,1.037246655,0.992529535,0.920574014
8,12,1.182814951,0.787409015,1.037246655,0.992529535,1.021783855
9,12,1.182814951,0.787409015,1.037246655,0.992529535,1.011648409
10,12,1.182814951,0.787409015,1.037246655,0.992529535,0.937412531
11,12,1.182814951,0.787409015,1.037246655,0.992529535,0.829585807
12,12,1.182814951,0.787409015,1.037246655,0.992529535,0.795011422
13,12,1.182814951,0.787409015,1.037246655,0.992529535,0.870030442
14,12,1.182814951,0.787409015,1.037246655,0.992529535,0.941667481
15,12,1.182814951,0.787409015,1.037246655,0.992529535,0.838076338
16,12,1.182814951,0.787409015,1.037246655,0.992529535,0.908477473
17,12,1.182814951,0.787409015,1.037246655,0.992529535,1.039112956
18,12,1.182814951,0.787409015,1.037246655,0.992529535,1.180661912
19,12,1.182814951,0.787409015,1.037246655,0.992529535,1.482354613
20,12,1.182814951,0.787409015,1.037246655,0.992529535,1.467419799
21,12,1.182814951,0.787409015,1.037246655,0.992529535,1.398692255
22,12,1.182814951,0.787409015,1.037246655,0.992529535,1.286663194
23,12,1.182814951,0.787409015,1.037246655,0.992529535,1.064564105
0,1,1.11977405,0.97800263,0.9289567,0.97326654,0.946112504
1,1,1.11977405,0.97800263,0.9289567,0.97326654,0.689568266
2,1,1.11977405,0.97800263,0.9289567,0.97326654,0.58700672
3,1,1.11977405,0.97800263,0.9289567,0.97326654,0.558136643
4,1,1.11977405,0.97800263,0.9289567,0.97326654,0.560484495
5,1,1.11977405,0.97800263,0.9289567,0.97326654,0.592977618
6,1,1.11977405,0.97800263,0.9289567,0.97326654,0.75897793
7,1,1.11977405,0.97800263,0.9289567,0.97326654,1.136312721
8,1,1.11977405,0.97800263,0.9289567,0.97326654,1.41120839
9,1,1.11977405,0.97800263,0.9289567,0.97326654,1.349383853
10,1,1.11977405,0.97800263,0.9289567,0.97326654,1.161455008
11,1,1.11977405,0.97800263,0.9289567,0.97326654,1.107006429
12,1,1.11977405,0.97800263,0.9289567,0.97326654,0.99961332
13,1,1.11977405,0.97800263,0.9289567,0.97326654,0.919683205
14,1,1.11977405,0.97800263,0.9289567,0.97326654,0.859201938
15,1,1.11977405,0.97800263,0.9289567,0.97326654,0.820496196
16,1,1.11977405,0.97800263,0.9289567,0.97326654,0.871362878
17,1,1.11977405,0.97800263,0.9289567,0.97326654,1.079476265
18,1,1.11977405,0.97800263,0.9289567,0.97326654,1.492046488
19,1,1.11977405,0.97800263,0.9289567,0.97326654,1.741837714
20,1,1.11977405,0.97800263,0.9289567,0.97326654,1.742786146
21,1,1.11977405,0.97800263,0.9289567,0.97326654,1.623044349
22,1,1.11977405,0.97800263,0.9289567,0.97326654,1.487390525
23,1,1.11977405,0.97800263,0.9289567,0.97326654,1.233109704
0,2,1.11977405,0.97800263,0.9289567,0.97326654,0.829991046
1,2,1.11977405,0.97800263,0.9289567,0.97326654,0.561510901
2,2,1.11977405,0.97800263,0.9289567,0.97326654,0.45590749
3,2,1.11977405,0.97800263,0.9289567,0.97326654,0.421094704
4,2,1.11977405,0.97800263,0.9289567,0.97326654,0.419253373
5,2,1.11977405,0.97800263,0.9289567,0.97326654,0.450919637
6,2,1.11977405,0.97800263,0.9289567,0.97326654,0.615805731
7,2,1.11977405,0.97800263,0.9289567,0.97326654,0.96806596
8,2,1.11977405,0.97800263,0.9289567,0.97326654,1.200129526
9,2,1.11977405,0.97800263,0.9289567,0.97326654,1.139139017
10,2,1.11977405,0.97800263,0.9289567,0.97326654,0.969960407
11,2,1.11977405,0.97800263,0.9289567,0.97326654,0.904752997
12,2,1.11977405,0.97800263,0.9289567,0.97326654,0.860440251
13,2,1.11977405,0.97800263,0.9289567,0.97326654,0.807925309
14,2,1.11977405,0.97800263,0.9289567,0.97326654,0.768490148
15,2,1.11977405,0.97800263,0.9289567,0.97326654,0.744644357
16,2,1.11977405,0.97800263,0.9289567,0.97326654,0.781417651
17,2,1.11977405,0.97800263,0.9289567,0.97326654,0.940708379
18,2,1.11977405,0.97800263,0.9289567,0.97326654,1.258827498
19,2,1.11977405,0.97800263,0.9289567,0.97326654,1.520106958
20,2,1.11977405,0.97800263,0.9289567,0.97326654,1.607808714
21,2,1.11977405,0.97800263,0.9289567,0.97326654,1.521457723
22,2,1.11977405,0.97800263,0.9289567,0.97326654,1.36409107
23,2,1.11977405,0.97800263,0.9289567,0.97326654,1.092313861
0,3,1.11977405,0.97800263,0.9289567,0.97326654,0.877260654
1,3,1.11977405,0.97800263,0.9289567,0.97326654,0.622776691
2,3,1.11977405,0.97800263,0.9289567,0.97326654,0.525675413
3,3,1.11977405,0.97800263,0.9289567,0.97326654,0.4893096
4,3,1.11977405,0.97800263,0.9289567,0.97326654,0.488831594
5,3,1.11977405,0.97800263,0.9289567,0.97326654,0.514715861
6,3,1.11977405,0.97800263,0.9289567,0.97326654,0.668215965
7,3,1.11977405,0.97800263,0.9289567,0.97326654,0.975971995
8,3,1.11977405,0.97800263,0.9289567,0.97326654,1.175490204
9,3,1.11977405,0.97800263,0.9289567,0.97326654,1.10883969
10,3,1.11977405,0.97800263,0.9289567,0.97326654,1.004707311
11,3,1.11977405,0.97800263,0.9289567,0.97326654,0.979630228
12,3,1.11977405,0.97800263,0.9289567,0.97326654,0.9078806
13,3,1.11977405,0.97800263,0.9289567,0.97326654,0.845225423
14,3,1.11977405,0.97800263,0.9289567,0.97326654,0.795985526
15,3,1.11977405,0.97800263,0.9289567,0.97326654,0.757528032
16,3,1.11977405,0.97800263,0.9289567,0.97326654,0.777064506
17,3,1.11977405,0.97800263,0.9289567,0.97326654,0.900530924
18,3,1.11977405,0.97800263,0.9289567,0.97326654,1.180735858
19,3,1.11977405,0.97800263,0.9289567,0.97326654,1.384161316
20,3,1.11977405,0.97800263,0.9289567,0.97326654,1.50763219
21,3,1.11977405,0.97800263,0.9289567,0.97326654,1.508230138
22,3,1.11977405,0.97800263,0.9289567,0.97326654,1.368130857
23,3,1.11977405,0.97800263,0.9289567,0.97326654,1.118216787
0,4,1.11977405,0.97800263,0.9289567,0.97326654,0.588240398
1,4,1.11977405,0.97800263,0.9289567,0.97326654,0.494454112
2,4,1.11977405,0.97800263,0.9289567,0.97326654,0.462286534
3,4,1.11977405,0.97800263,0.9289567,0.97326654,0.467906661
4,4,1.11977405,0.97800263,0.9289567,0.97326654,0.499530547
5,4,1.11977405,0.97800263,0.9289567,0.97326654,0.650096545
6,4,1.11977405,0.97800263,0.9289567,0.97326654,0.957106816
7,4,1.11977405,0.97800263,0.9289567,0.97326654,1.151732937
8,4,1.11977405,0.97800263,0.9289567,0.97326654,1.083943888
9,4,1.11977405,0.97800263,0.9289567,0.97326654,0.961569366
10,4,1.11977405,0.97800263,0.9289567,0.97326654,0.900919327
11,4,1.11977405,0.97800263,0.9289567,0.97326654,0.836634519
12,4,1.11977405,0.97800263,0.9289567,0.97326654,0.765731487
13,4,1.11977405,0.97800263,0.9289567,0.97326654,0.718626154
14,4,1.11977405,0.97800263,0.9289567,0.97326654,0.689299825
15,4,1.11977405,0.97800263,0.9289567,0.97326654,0.707786705
16,4,1.11977405,0.97800263,0.9289567,0.97326654,0.80918435
17,4,1.11977405,0.97800263,0.9289567,0.97326654,0.995297312
18,4,1.11977405,0.97800263,0.9289567,0.97326654,1.11960517
19,4,1.11977405,0.97800263,0.9289567,0.97326654,1.21015304
20,4,1.11977405,0.97800263,0.9289567,0.97326654,1.33072839
21,4,1.11977405,0.97800263,0.9289567,0.97326654,1.30497051
22,4,1.11977405,0.97800263,0.9289567,0.97326654,1.043914334
23,4,1.11977405,0.97800263,0.9289567,0.97326654,0.777689713
0,5,1.11977405,0.97800263,0.9289567,0.97326654,0.488681041
1,5,1.11977405,0.97800263,0.9289567,0.97326654,0.389201204
2,5,1.11977405,0.97800263,0.9289567,0.97326654,0.348820712
3,5,1.11977405,0.97800263,0.9289567,0.97326654,0.343066323
4,5,1.11977405,0.97800263,0.9289567,0.97326654,0.360875968
5,5,1.11977405,0.97800263,0.9289567,0.97326654,0.479343585
6,5,1.11977405,0.97800263,0.9289567,0.97326654,0.726475125
7,5,1.11977405,0.97800263,0.9289567,0.97326654,0.885298425
8,5,1.11977405,0.97800263,0.9289567,0.97326654,0.835941263
9,5,1.11977405,0.97800263,0.9289567,0.97326654,0.762947876
10,5,1.11977405,0.97800263,0.9289567,0.97326654,0.727737661
11,5,1.11977405,0.97800263,0.9289567,0.97326654,0.7010718
12,5,1.11977405,0.97800263,0.9289567,0.97326654,0.662908288
13,5,1.11977405,0.97800263,0.9289567,0.97326654,0.632380529
14,5,1.11977405,0.97800263,0.9289567,0.97326654,0.610888122
15,5,1.11977405,0.97800263,0.9289567,0.97326654,0.674872749
16,5,1.11977405,0.97800263,0.9289567,0.97326654,0.857618547
17,5,1.11977405,0.97800263,0.9289567,0.97326654,1.062362489
18,5,1.11977405,0.97800263,0.9289567,0.97326654,1.191802883
19,5,1.11977405,0.97800263,0.9289567,0.97326654,1.235937621
20,5,1.11977405,0.97800263,0.9289567,0.97326654,1.310176712
21,5,1.11977405,0.97800263,0.9289567,0.97326654,1.320440348
22,5,1.11977405,0.97800263,0.9289567,0.97326654,1.003294102
23,5,1.11977405,0.97800263,0.9289567,0.97326654,0.734723942
0,6,1.11977405,0.97800263,0.9289567,0.97326654,0.667569207
1,6,1.11977405,0.97800263,0.9289567,0.97326654,0.504878883
2,6,1.11977405,0.97800263,0.9289567,0.97326654,0.430455054
3,6,1.11977405,0.97800263,0.9289567,0.97326654,0.400266484
4,6,1.11977405,0.97800263,0.9289567,0.97326654,0.397369662
5,6,1.11977405,0.97800263,0.9289567,0.97326654,0.509201286
6,6,1.11977405,0.97800263,0.9289567,0.97326654,0.773410338
7,6,1.11977405,0.97800263,0.9289567,0.97326654,0.940394156
8,6,1.11977405,0.97800263,0.9289567,0.97326654,0.933075434
9,6,1.11977405,0.97800263,0.9289567,0.97326654,0.917902926
10,6,1.11977405,0.97800263,0.9289567,0.97326654,1.067291932
11,6,1.11977405,0.97800263,0.9289567,0.97326654,1.136508029
12,6,1.11977405,0.97800263,0.9289567,0.97326654,1.256513161
13,6,1.11977405,0.97800263,0.9289567,0.97326654,1.330063198
14,6,1.11977405,0.97800263,0.9289567,0.97326654,1.477035541
15,6,1.11977405,0.97800263,0.9289567,0.97326654,1.643991787
16,6,1.11977405,0.97800263,0.9289567,0.97326654,1.789750153
17,6,1.11977405,0.97800263,0.9289567,0.97326654,2.030029297
18,6,1.11977405,0.97800263,0.9289567,0.97326654,2.017392622
19,6,1.11977405,0.97800263,0.9289567,0.97326654,1.871669824
20,6,1.11977405,0.97800263,0.9289567,0.97326654,1.76832593
21,6,1.11977405,0.97800263,0.9289567,0.97326654,1.701737959
22,6,1.11977405,0.97800263,0.9289567,0.97326654,1.396813209
23,6,1.11977405,0.97800263,0.9289567,0.97326654,1.048965116
0,7,1.11977405,0.97800263,0.9289567,0.97326654,0.950883708
1,7,1.11977405,0.97800263,0.9289567,0.97326654,0.736299364
2,7,1.11977405,0.97800263,0.9289567,0.97326654,0.636437261
3,7,1.11977405,0.97800263,0.9289567,0.97326654,0.590776912
4,7,1.11977405,0.97800263,0.9289567,0.97326654,0.579072777
5,7,1.11977405,0.97800263,0.9289567,0.97326654,0.654558212
6,7,1.11977405,0.97800263,0.9289567,0.97326654,0.926805307
7,7,1.11977405,0.97800263,0.9289567,0.97326654,1.120613987
8,7,1.11977405,0.97800263,0.9289567,0.97326654,1.085981686
9,7,1.11977405,0.97800263,0.9289567,0.97326654,0.983533131
10,7,1.11977405,0.97800263,0.9289567,0.97326654,0.967707219
11,7,1.11977405,0.97800263,0.9289567,0.97326654,0.999269433
12,7,1.11977405,0.97800263,0.9289567,0.97326654,1.019761671
13,7,1.11977405,0.97800263,0.9289567,0.97326654,1.087543061
14,7,1.11977405,0.97800263,0.9289567,0.97326654,1.156334364
15,7,1.11977405,0.97800263,0.9289567,0.97326654,1.361626022
16,7,1.11977405,0.97800263,0.9289567,0.97326654,1.547772369
17,7,1.11977405,0.97800263,0.9289567,0.97326654,1.817970025
18,7,1.11977405,0.97800263,0.9289567,0.97326654,1.905187285
19,7,1.11977405,0.97800263,0.9289567,0.97326654,1.887945231
20,7,1.11977405,0.97800263,0.9289567,0.97326654,1.929066523
21,7,1.11977405,0.97800263,0.9289567,0.97326654,1.916691122
22,7,1.11977405,0.97800263,0.9289567,0.97326654,1.607792688
23,7,1.11977405,0.97800263,0.9289567,0.97326654,1.231646237
0,8,1.11977405,0.97800263,0.9289567,0.97326654,1.094550094
1,8,1.11977405,0.97800263,0.9289567,0.97326654,0.894478463
2,8,1.11977405,0.97800263,0.9289567,0.97326654,0.774554855
3,8,1.11977405,0.97800263,0.9289567,0.97326654,0.704663164
4,8,1.11977405,0.97800263,0.9289567,0.97326654,0.68417946
5,8,1.11977405,0.97800263,0.9289567,0.97326654,0.782801996
6,8,1.11977405,0.97800263,0.9289567,0.97326654,1.051107744
7,8,1.11977405,0.97800263,0.9289567,0.97326654,1.23707975
8,8,1.11977405,0.97800263,0.9289567,0.97326654,1.200863913
9,8,1.11977405,0.97800263,0.9289567,0.97326654,1.101383881
10,8,1.11977405,0.97800263,0.9289567,0.97326654,1.133309308
11,8,1.11977405,0.97800263,0.9289567,0.97326654,1.180501595
12,8,1.11977405,0.97800263,0.9289567,0.97326654,1.222091335
13,8,1.11977405,0.97800263,0.9289567,0.97326654,1.245412848
14,8,1.11977405,0.97800263,0.9289567,0.97326654,1.249982533
15,8,1.11977405,0.97800263,0.9289567,0.97326654,1.270399236
16,8,1.11977405,0.97800263,0.9289567,0.97326654,1.381166414
17,8,1.11977405,0.97800263,0.9289567,0.97326654,1.54990515
18,8,1.11977405,0.97800263,0.9289567,0.97326654,1.627351686
19,8,1.11977405,0.97800263,0.9289567,0.97326654,1.651677046
20,8,1.11977405,0.97800263,0.9289567,0.97326654,1.737118071
21,8,1.11977405,0.97800263,0.9289567,0.97326654,1.724485929
22,8,1.11977405,0.97800263,0.9289567,0.97326654,1.420864159
23,8,1.11977405,0.97800263,0.9289567,0.97326654,1.098779139
0,9,1.11977405,0.97800263,0.9289567,0.97326654,0.458106658
1,9,1.11977405,0.97800263,0.9289567,0.97326654,0.366452459
2,9,1.11977405,0.97800263,0.9289567,0.97326654,0.325431501
3,9,1.11977405,0.97800263,0.9289567,0.97326654,0.319272057
4,9,1.11977405,0.97800263,0.9289567,0.97326654,0.340039801
5,9,1.11977405,0.97800263,0.9289567,0.97326654,0.462137988
6,9,1.11977405,0.97800263,0.9289567,0.97326654,0.741353967
7,9,1.11977405,0.97800263,0.9289567,0.97326654,0.944849823
8,9,1.11977405,0.97800263,0.9289567,0.97326654,0.907312887
9,9,1.11977405,0.97800263,0.9289567,0.97326654,0.811864526
10,9,1.11977405,0.97800263,0.9289567,0.97326654,0.768148476
11,9,1.11977405,0.97800263,0.9289567,0.97326654,0.739561001
12,9,1.11977405,0.97800263,0.9289567,0.97326654,0.82156199
13,9,1.11977405,0.97800263,0.9289567,0.97326654,0.944950709
14,9,1.11977405,0.97800263,0.9289567,0.97326654,1.087083064
15,9,1.11977405,0.97800263,0.9289567,0.97326654,1.263805468
16,9,1.11977405,0.97800263,0.9289567,0.97326654,1.417886926
17,9,1.11977405,0.97800263,0.9289567,0.97326654,1.637844621
18,9,1.11977405,0.97800263,0.9289567,0.97326654,1.708807984
19,9,1.11977405,0.97800263,0.9289567,0.97326654,1.696794481
20,9,1.11977405,0.97800263,0.9289567,0.97326654,1.737738854
21,9,1.11977405,0.97800263,0.9289567,0.97326654,1.513358564
22,9,1.11977405,0.97800263,0.9289567,0.97326654,1.13210408
23,9,1.11977405,0.97800263,0.9289567,0.97326654,0.757280347
0,10,1.11977405,0.97800263,0.9289567,0.97326654,0.739715018
1,10,1.11977405,0.97800263,0.9289567,0.97326654,0.500816654
2,10,1.11977405,0.97800263,0.9289567,0.97326654,0.413547723
3,10,1.11977405,0.97800263,0.9289567,0.97326654,0.380732585
4,10,1.11977405,0.97800263,0.9289567,0.97326654,0.382372642
5,10,1.11977405,0.97800263,0.9289567,0.97326654,0.408941495
6,10,1.11977405,0.97800263,0.9289567,0.97326654,0.540492176
7,10,1.11977405,0.97800263,0.9289567,0.97326654,0.851483936
8,10,1.11977405,0.97800263,0.9289567,0.97326654,1.06058628
9,10,1.11977405,0.97800263,0.9289567,0.97326654,0.990944328
10,10,1.11977405,0.97800263,0.9289567,0.97326654,0.850929312
11,10,1.11977405,0.97800263,0.9289567,0.97326654,0.796273088
12,10,1.11977405,0.97800263,0.9289567,0.97326654,0.76402029
13,10,1.11977405,0.97800263,0.9289567,0.97326654,0.721394886
14,10,1.11977405,0.97800263,0.9289567,0.97326654,0.686745972
15,10,1.11977405,0.97800263,0.9289567,0.97326654,0.685515033
16,10,1.11977405,0.97800263,0.9289567,0.97326654,0.709462841
17,10,1.11977405,0.97800263,0.9289567,0.97326654,0.811555516
18,10,1.11977405,0.97800263,0.9289567,0.97326654,1.034248121
19,10,1.11977405,0.97800263,0.9289567,0.97326654,1.227382853
20,10,1.11977405,0.97800263,0.9289567,0.97326654,1.359094637
21,10,1.11977405,0.97800263,0.9289567,0.97326654,1.366771816
22,10,1.11977405,0.97800263,0.9289567,0.97326654,1.227283532
23,10,1.11977405,0.97800263,0.9289567,0.97326654,0.981967276
0,11,1.11977405,0.97800263,0.9289567,0.97326654,0.843977658
1,11,1.11977405,0.97800263,0.9289567,0.97326654,0.603543746
2,11,1.11977405,0.97800263,0.9289567,0.97326654,0.513505793
3,11,1.11977405,0.97800263,0.9289567,0.97326654,0.478909284
4,11,1.11977405,0.97800263,0.9289567,0.97326654,0.47818053
5,11,1.11977405,0.97800263,0.9289567,0.97326654,0.506549392
6,11,1.11977405,0.97800263,0.9289567,0.97326654,0.658658818
7,11,1.11977405,0.97800263,0.9289567,0.97326654,0.994147534
8,11,1.11977405,0.97800263,0.9289567,0.97326654,1.18642106
9,11,1.11977405,0.97800263,0.9289567,0.97326654,1.137037986
10,11,1.11977405,0.97800263,0.9289567,0.97326654,0.993672043
11,11,1.11977405,0.97800263,0.9289567,0.97326654,0.941349575
12,11,1.11977405,0.97800263,0.9289567,0.97326654,0.861151058
13,11,1.11977405,0.97800263,0.9289567,0.97326654,0.790069481
14,11,1.11977405,0.97800263,0.9289567,0.97326654,0.740646816
15,11,1.11977405,0.97800263,0.9289567,0.97326654,0.718395697
16,11,1.11977405,0.97800263,0.9289567,0.97326654,0.78270766
17,11,1.11977405,0.97800263,0.9289567,0.97326654,0.998491501
18,11,1.11977405,0.97800263,0.9289567,0.97326654,1.408700047
19,11,1.11977405,0.97800263,0.9289567,0.97326654,1.596106737
20,11,1.11977405,0.97800263,0.9289567,0.97326654,1.56794057
21,11,1.11977405,0.97800263,0.9289567,0.97326654,1.495184605
22,11,1.11977405,0.97800263,0.9289567,0.97326654,1.366949587
23,11,1.11977405,0.97800263,0.9289567,0.97326654,1.120858084
0,12,1.11977405,0.97800263,0.9289567,0.97326654,1.034352642
1,12,1.11977405,0.97800263,0.9289567,0.97326654,0.752739686
2,12,1.11977405,0.97800263,0.9289567,0.97326654,0.653216366
3,12,1.11977405,0.97800263,0.9289567,0.97326654,0.619254261
4,12,1.11977405,0.97800263,0.9289567,0.97326654,0.620542481
5,12,1.11977405,0.97800263,0.9289567,0.97326654,0.654888443
6,12,1.11977405,0.97800263,0.9289567,0.97326654,0.831052204
7,12,1.11977405,0.97800263,0.9289567,0.97326654,1.245724438
8,12,1.11977405,0.97800263,0.9289567,0.97326654,1.481699227
9,12,1.11977405,0.97800263,0.9289567,0.97326654,1.428393722
10,12,1.11977405,0.97800263,0.9289567,0.97326654,1.254112471
11,12,1.11977405,0.97800263,0.9289567,0.97326654,1.193658248
12,12,1.11977405,0.97800263,0.9289567,0.97326654,1.079625683
13,12,1.11977405,0.97800263,0.9289567,0.97326654,0.990283874
14,12,1.11977405,0.97800263,0.9289567,0.97326654,0.929505364
15,12,1.11977405,0.97800263,0.9289567,0.97326654,0.901116698
16,12,1.11977405,0.97800263,0.9289567,0.97326654,0.96729065
17,12,1.11977405,0.97800263,0.9289567,0.97326654,1.218413545
18,12,1.11977405,0.97800263,0.9289567,0.97326654,1.661305466
19,12,1.11977405,0.97800263,0.9289567,0.97326654,1.879205998
20,12,1.11977405,0.97800263,0.9289567,0.97326654,1.80154797
21,12,1.11977405,0.97800263,0.9289567,0.97326654,1.71224819
22,12,1.11977405,0.97800263,0.9289567,0.97326654,1.5796366
23,12,1.11977405,0.97800263,0.9289567,0.97326654,1.309944355
0,1,1.2077233,0.92657,0.95674,0.908970291,0.866452947
1,1,1.2077233,0.92657,0.95674,0.908970291,0.608148209
2,1,1.2077233,0.92657,0.95674,0.908970291,0.502251942
3,1,1.2077233,0.92657,0.95674,0.908970291,0.467386947
4,1,1.2077233,0.92657,0.95674,0.908970291,0.465135707
5,1,1.2077233,0.92657,0.95674,0.908970291,0.493982289
6,1,1.2077233,0.92657,0.95674,0.908970291,0.65362382
7,1,1.2077233,0.92657,0.95674,0.908970291,1.023186385
8,1,1.2077233,0.92657,0.95674,0.908970291,1.287111469
9,1,1.2077233,0.92657,0.95674,0.908970291,1.234441886
10,1,1.2077233,0.92657,0.95674,0.908970291,1.066108189
11,1,1.2077233,0.92657,0.95674,0.908970291,1.01044654
12,1,1.2077233,0.92657,0.95674,0.908970291,0.935554907
13,1,1.2077233,0.92657,0.95674,0.908970291,0.863794165
14,1,1.2077233,0.92657,0.95674,0.908970291,0.811604502
15,1,1.2077233,0.92657,0.95674,0.908970291,0.77837316
16,1,1.2077233,0.92657,0.95674,0.908970291,0.818750557
17,1,1.2077233,0.92657,0.95674,0.908970291,1.008726973
18,1,1.2077233,0.92657,0.95674,0.908970291,1.378329431
19,1,1.2077233,0.92657,0.95674,0.908970291,1.632598488
20,1,1.2077233,0.92657,0.95674,0.908970291,1.627677387
21,1,1.2077233,0.92657,0.95674,0.908970291,1.499719398
22,1,1.2077233,0.92657,0.95674,0.908970291,1.363896057
23,1,1.2077233,0.92657,0.95674,0.908970291,1.117221888
0,2,1.2077233,0.92657,0.95674,0.908970291,0.910653486
1,2,1.2077233,0.92657,0.95674,0.908970291,0.654100552
2,2,1.2077233,0.92657,0.95674,0.908970291,0.561582324
3,2,1.2077233,0.92657,0.95674,0.908970291,0.538363661
4,2,1.2077233,0.92657,0.95674,0.908970291,0.538046777
5,2,1.2077233,0.92657,0.95674,0.908970291,0.570181854
6,2,1.2077233,0.92657,0.95674,0.908970291,0.739837907
7,2,1.2077233,0.92657,0.95674,0.908970291,1.1133658
8,2,1.2077233,0.92657,0.95674,0.908970291,1.349970524
9,2,1.2077233,0.92657,0.95674,0.908970291,1.259607628
10,2,1.2077233,0.92657,0.95674,0.908970291,1.084938513
11,2,1.2077233,0.92657,0.95674,0.908970291,1.008339658
12,2,1.2077233,0.92657,0.95674,0.908970291,0.911951968
13,2,1.2077233,0.92657,0.95674,0.908970291,0.830200876
14,2,1.2077233,0.92657,0.95674,0.908970291,0.772840857
15,2,1.2077233,0.92657,0.95674,0.908970291,0.734027223
16,2,1.2077233,0.92657,0.95674,0.908970291,0.77021451
17,2,1.2077233,0.92657,0.95674,0.908970291,0.927093626
18,2,1.2077233,0.92657,0.95674,0.908970291,1.241940978
19,2,1.2077233,0.92657,0.95674,0.908970291,1.498110679
20,2,1.2077233,0.92657,0.95674,0.908970291,1.584602214
21,2,1.2077233,0.92657,0.95674,0.908970291,1.506491361
22,2,1.2077233,0.92657,0.95674,0.908970291,1.366325108
23,2,1.2077233,0.92657,0.95674,0.908970291,1.114858827
0,3,1.2077233,0.92657,0.95674,0.908970291,0.762809624
1,3,1.2077233,0.92657,0.95674,0.908970291,0.498841234
2,3,1.2077233,0.92657,0.95674,0.908970291,0.391586614
3,3,1.2077233,0.92657,0.95674,0.908970291,0.350763084
4,3,1.2077233,0.92657,0.95674,0.908970291,0.34592463
5,3,1.2077233,0.92657,0.95674,0.908970291,0.370650968
6,3,1.2077233,0.92657,0.95674,0.908970291,0.523085696
7,3,1.2077233,0.92657,0.95674,0.908970291,0.840156438
8,3,1.2077233,0.92657,0.95674,0.908970291,1.021306523
9,3,1.2077233,0.92657,0.95674,0.908970291,0.966588116
10,3,1.2077233,0.92657,0.95674,0.908970291,0.865757629
11,3,1.2077233,0.92657,0.95674,0.908970291,0.8134988
12,3,1.2077233,0.92657,0.95674,0.908970291,0.773934539
13,3,1.2077233,0.92657,0.95674,0.908970291,0.726164095
14,3,1.2077233,0.92657,0.95674,0.908970291,0.689746574
15,3,1.2077233,0.92657,0.95674,0.908970291,0.662693817
16,3,1.2077233,0.92657,0.95674,0.908970291,0.690232572
17,3,1.2077233,0.92657,0.95674,0.908970291,0.817340027
18,3,1.2077233,0.92657,0.95674,0.908970291,1.070874483
19,3,1.2077233,0.92657,0.95674,0.908970291,1.293816669
20,3,1.2077233,0.92657,0.95674,0.908970291,1.418529432
21,3,1.2077233,0.92657,0.95674,0.908970291,1.412512352
22,3,1.2077233,0.92657,0.95674,0.908970291,1.271307078
23,3,1.2077233,0.92657,0.95674,0.908970291,1.03243882
0,4,1.2077233,0.92657,0.95674,0.908970291,0.499268329
1,4,1.2077233,0.92657,0.95674,0.908970291,0.394683562
2,4,1.2077233,0.92657,0.95674,0.908970291,0.351677953
3,4,1.2077233,0.92657,0.95674,0.908970291,0.346697446
4,4,1.2077233,0.92657,0.95674,0.908970291,0.381041352
5,4,1.2077233,0.92657,0.95674,0.908970291,0.530817677
6,4,1.2077233,0.92657,0.95674,0.908970291,0.849401629
7,4,1.2077233,0.92657,0.95674,0.908970291,1.043571003
8,4,1.2077233,0.92657,0.95674,0.908970291,0.997076991
9,4,1.2077233,0.92657,0.95674,0.908970291,0.898194336
10,4,1.2077233,0.92657,0.95674,0.908970291,0.833220007
11,4,1.2077233,0.92657,0.95674,0.908970291,0.795679549
12,4,1.2077233,0.92657,0.95674,0.908970291,0.746481916
13,4,1.2077233,0.92657,0.95674,0.908970291,0.707505858
14,4,1.2077233,0.92657,0.95674,0.908970291,0.67854564
15,4,1.2077233,0.92657,0.95674,0.908970291,0.696929626
16,4,1.2077233,0.92657,0.95674,0.908970291,0.796867768
17,4,1.2077233,0.92657,0.95674,0.908970291,0.980060658
18,4,1.2077233,0.92657,0.95674,0.908970291,1.102439038
19,4,1.2077233,0.92657,0.95674,0.908970291,1.191587611
20,4,1.2077233,0.92657,0.95674,0.908970291,1.310294454
21,4,1.2077233,0.92657,0.95674,0.908970291,1.284827803
22,4,1.2077233,0.92657,0.95674,0.908970291,1.027481716
23,4,1.2077233,0.92657,0.95674,0.908970291,0.765201465
0,5,1.2077233,0.92657,0.95674,0.908970291,0.480659018
1,5,1.2077233,0.92657,0.95674,0.908970291,0.382737696
2,5,1.2077233,0.92657,0.95674,0.908970291,0.343093695
3,5,1.2077233,0.92657,0.95674,0.908970291,0.3374721
4,5,1.2077233,0.92657,0.95674,0.908970291,0.354984016
5,5,1.2077233,0.92657,0.95674,0.908970291,0.471158371
6,5,1.2077233,0.92657,0.95674,0.908970291,0.713816964
7,5,1.2077233,0.92657,0.95674,0.908970291,0.870170163
8,5,1.2077233,0.92657,0.95674,0.908970291,0.821786413
9,5,1.2077233,0.92657,0.95674,0.908970291,0.750128036
10,5,1.2077233,0.92657,0.95674,0.908970291,0.715878767
11,5,1.2077233,0.92657,0.95674,0.908970291,0.689751924
12,5,1.2077233,0.92657,0.95674,0.908970291,0.652155563
13,5,1.2077233,0.92657,0.95674,0.908970291,0.62210396
14,5,1.2077233,0.92657,0.95674,0.908970291,0.628464831
15,5,1.2077233,0.92657,0.95674,0.908970291,0.791931765
16,5,1.2077233,0.92657,0.95674,0.908970291,1.009576967
17,5,1.2077233,0.92657,0.95674,0.908970291,1.304363022
18,5,1.2077233,0.92657,0.95674,0.908970291,1.451964636
19,5,1.2077233,0.92657,0.95674,0.908970291,1.487897397
20,5,1.2077233,0.92657,0.95674,0.908970291,1.279694042
21,5,1.2077233,0.92657,0.95674,0.908970291,1.424187153
22,5,1.2077233,0.92657,0.95674,0.908970291,1.133133123
23,5,1.2077233,0.92657,0.95674,0.908970291,0.811336865
0,6,1.2077233,0.92657,0.95674,0.908970291,0.761333504
1,6,1.2077233,0.92657,0.95674,0.908970291,0.544408027
2,6,1.2077233,0.92657,0.95674,0.908970291,0.42652855
3,6,1.2077233,0.92657,0.95674,0.908970291,0.335473823
4,6,1.2077233,0.92657,0.95674,0.908970291,0.323767372
5,6,1.2077233,0.92657,0.95674,0.908970291,0.425464484
6,6,1.2077233,0.92657,0.95674,0.908970291,0.637668973
7,6,1.2077233,0.92657,0.95674,0.908970291,0.7760446
8,6,1.2077233,0.92657,0.95674,0.908970291,0.754656288
9,6,1.2077233,0.92657,0.95674,0.908970291,0.815064887
10,6,1.2077233,0.92657,0.95674,0.908970291,0.95910722
11,6,1.2077233,0.92657,0.95674,0.908970291,1.065572779
12,6,1.2077233,0.92657,0.95674,0.908970291,1.188562765
13,6,1.2077233,0.92657,0.95674,0.908970291,1.387773686
14,6,1.2077233,0.92657,0.95674,0.908970291,1.542787939
15,6,1.2077233,0.92657,0.95674,0.908970291,1.770044354
16,6,1.2077233,0.92657,0.95674,0.908970291,2.044222806
17,6,1.2077233,0.92657,0.95674,0.908970291,2.407209289
18,6,1.2077233,0.92657,0.95674,0.908970291,2.43471055
19,6,1.2077233,0.92657,0.95674,0.908970291,2.332813538
20,6,1.2077233,0.92657,0.95674,0.908970291,2.180701177
21,6,1.2077233,0.92657,0.95674,0.908970291,2.066101189
22,6,1.2077233,0.92657,0.95674,0.908970291,1.693609505
23,6,1.2077233,0.92657,0.95674,0.908970291,1.273698352
0,7,1.2077233,0.92657,0.95674,0.908970291,0.871971555
1,7,1.2077233,0.92657,0.95674,0.908970291,0.645763256
2,7,1.2077233,0.92657,0.95674,0.908970291,0.535187477
3,7,1.2077233,0.92657,0.95674,0.908970291,0.469824873
4,7,1.2077233,0.92657,0.95674,0.908970291,0.451663097
5,7,1.2077233,0.92657,0.95674,0.908970291,0.546793055
6,7,1.2077233,0.92657,0.95674,0.908970291,0.796961991
7,7,1.2077233,0.92657,0.95674,0.908970291,0.964728607
8,7,1.2077233,0.92657,0.95674,0.908970291,0.928801185
9,7,1.2077233,0.92657,0.95674,0.908970291,0.962385331
10,7,1.2077233,0.92657,0.95674,0.908970291,1.191770401
11,7,1.2077233,0.92657,0.95674,0.908970291,1.276955077
12,7,1.2077233,0.92657,0.95674,0.908970291,1.499535441
13,7,1.2077233,0.92657,0.95674,0.908970291,1.703333048
14,7,1.2077233,0.92657,0.95674,0.908970291,1.902093842
15,7,1.2077233,0.92657,0.95674,0.908970291,2.216949831
16,7,1.2077233,0.92657,0.95674,0.908970291,2.513117356
17,7,1.2077233,0.92657,0.95674,0.908970291,2.933885817
18,7,1.2077233,0.92657,0.95674,0.908970291,2.867912881
19,7,1.2077233,0.92657,0.95674,0.908970291,2.668529036
20,7,1.2077233,0.92657,0.95674,0.908970291,2.410142193
21,7,1.2077233,0.92657,0.95674,0.908970291,2.278751198
22,7,1.2077233,0.92657,0.95674,0.908970291,1.873620778
23,7,1.2077233,0.92657,0.95674,0.908970291,1.432794835
0,8,1.2077233,0.92657,0.95674,0.908970291,0.912441896
1,8,1.2077233,0.92657,0.95674,0.908970291,0.71809175
2,8,1.2077233,0.92657,0.95674,0.908970291,0.603629198
3,8,1.2077233,0.92657,0.95674,0.908970291,0.544090425
4,8,1.2077233,0.92657,0.95674,0.908970291,0.513743597
5,8,1.2077233,0.92657,0.95674,0.908970291,0.610607074
6,8,1.2077233,0.92657,0.95674,0.908970291,0.871898802
7,8,1.2077233,0.92657,0.95674,0.908970291,1.048179654
8,8,1.2077233,0.92657,0.95674,0.908970291,0.987198449
9,8,1.2077233,0.92657,0.95674,0.908970291,0.909581007
10,8,1.2077233,0.92657,0.95674,0.908970291,0.919756947
11,8,1.2077233,0.92657,0.95674,0.908970291,1.043994267
12,8,1.2077233,0.92657,0.95674,0.908970291,1.196066873
13,8,1.2077233,0.92657,0.95674,0.908970291,1.409813769
14,8,1.2077233,0.92657,0.95674,0.908970291,1.640475735
15,8,1.2077233,0.92657,0.95674,0.908970291,1.948147139
16,8,1.2077233,0.92657,0.95674,0.908970291,2.264278308
17,8,1.2077233,0.92657,0.95674,0.908970291,2.586635181
18,8,1.2077233,0.92657,0.95674,0.908970291,2.55301913
19,8,1.2077233,0.92657,0.95674,0.908970291,2.397327757
20,8,1.2077233,0.92657,0.95674,0.908970291,2.322818137
21,8,1.2077233,0.92657,0.95674,0.908970291,2.207111389
22,8,1.2077233,0.92657,0.95674,0.908970291,1.769732177
23,8,1.2077233,0.92657,0.95674,0.908970291,1.368945438
0,9,1.2077233,0.92657,0.95674,0.908970291,0.451553856
1,9,1.2077233,0.92657,0.95674,0.908970291,0.361318626
2,9,1.2077233,0.92657,0.95674,0.908970291,0.320829425
3,9,1.2077233,0.92657,0.95674,0.908970291,0.314706255
4,9,1.2077233,0.92657,0.95674,0.908970291,0.334990057
5,9,1.2077233,0.92657,0.95674,0.908970291,0.455339489
6,9,1.2077233,0.92657,0.95674,0.908970291,0.730447332
7,9,1.2077233,0.92657,0.95674,0.908970291,0.930959958
8,9,1.2077233,0.92657,0.95674,0.908970291,0.89411066
9,9,1.2077233,0.92657,0.95674,0.908970291,0.80021505
10,9,1.2077233,0.92657,0.95674,0.908970291,0.757515881
11,9,1.2077233,0.92657,0.95674,0.908970291,0.728685867
12,9,1.2077233,0.92657,0.95674,0.908970291,0.686065186
13,9,1.2077233,0.92657,0.95674,0.908970291,0.651750358
14,9,1.2077233,0.92657,0.95674,0.908970291,0.625794656
15,9,1.2077233,0.92657,0.95674,0.908970291,0.64151213
16,9,1.2077233,0.92657,0.95674,0.908970291,0.732540378
17,9,1.2077233,0.92657,0.95674,0.908970291,0.907124139
18,9,1.2077233,0.92657,0.95674,0.908970291,1.04374734
19,9,1.2077233,0.92657,0.95674,0.908970291,1.155732453
20,9,1.2077233,0.92657,0.95674,0.908970291,1.278397121
21,9,1.2077233,0.92657,0.95674,0.908970291,1.19479605
22,9,1.2077233,0.92657,0.95674,0.908970291,0.955199488
23,9,1.2077233,0.92657,0.95674,0.908970291,0.711695508
0,10,1.2077233,0.92657,0.95674,0.908970291,0.725595853
1,10,1.2077233,0.92657,0.95674,0.908970291,0.475817172
2,10,1.2077233,0.92657,0.95674,0.908970291,0.377709746
3,10,1.2077233,0.92657,0.95674,0.908970291,0.336079514
4,10,1.2077233,0.92657,0.95674,0.908970291,0.330951126
5,10,1.2077233,0.92657,0.95674,0.908970291,0.352136492
6,10,1.2077233,0.92657,0.95674,0.908970291,0.482879814
7,10,1.2077233,0.92657,0.95674,0.908970291,0.786177989
8,10,1.2077233,0.92657,0.95674,0.908970291,1.016240806
9,10,1.2077233,0.92657,0.95674,0.908970291,0.972528405
10,10,1.2077233,0.92657,0.95674,0.908970291,0.838206346
11,10,1.2077233,0.92657,0.95674,0.908970291,0.784874467
12,10,1.2077233,0.92657,0.95674,0.908970291,0.753389102
13,10,1.2077233,0.92657,0.95674,0.908970291,0.711749786
14,10,1.2077233,0.92657,0.95674,0.908970291,0.677770279
15,10,1.2077233,0.92657,0.95674,0.908970291,0.653451356
16,10,1.2077233,0.92657,0.95674,0.908970291,0.677845888
17,10,1.2077233,0.92657,0.95674,0.908970291,0.792706288
18,10,1.2077233,0.92657,0.95674,0.908970291,1.019969525
19,10,1.2077233,0.92657,0.95674,0.908970291,1.210093959
20,10,1.2077233,0.92657,0.95674,0.908970291,1.3397832
21,10,1.2077233,0.92657,0.95674,0.908970291,1.347110617
22,10,1.2077233,0.92657,0.95674,0.908970291,1.209571732
23,10,1.2077233,0.92657,0.95674,0.908970291,0.967868314
0,11,1.2077233,0.92657,0.95674,0.908970291,0.815915236
1,11,1.2077233,0.92657,0.95674,0.908970291,0.581336598
2,11,1.2077233,0.92657,0.95674,0.908970291,0.484378237
3,11,1.2077233,0.92657,0.95674,0.908970291,0.441668837
4,11,1.2077233,0.92657,0.95674,0.908970291,0.437405598
5,11,1.2077233,0.92657,0.95674,0.908970291,0.465098812
6,11,1.2077233,0.92657,0.95674,0.908970291,0.611113817
7,11,1.2077233,0.92657,0.95674,0.908970291,0.915164415
8,11,1.2077233,0.92657,0.95674,0.908970291,1.13993658
9,11,1.2077233,0.92657,0.95674,0.908970291,1.096531138
10,11,1.2077233,0.92657,0.95674,0.908970291,0.977775103
11,11,1.2077233,0.92657,0.95674,0.908970291,0.936947403
12,11,1.2077233,0.92657,0.95674,0.908970291,0.858806103
13,11,1.2077233,0.92657,0.95674,0.908970291,0.784473874
14,11,1.2077233,0.92657,0.95674,0.908970291,0.720576294
15,11,1.2077233,0.92657,0.95674,0.908970291,0.693020876
16,11,1.2077233,0.92657,0.95674,0.908970291,0.75178597
17,11,1.2077233,0.92657,0.95674,0.908970291,0.954877171
18,11,1.2077233,0.92657,0.95674,0.908970291,1.306282586
19,11,1.2077233,0.92657,0.95674,0.908970291,1.518891367
20,11,1.2077233,0.92657,0.95674,0.908970291,1.476780339
21,11,1.2077233,0.92657,0.95674,0.908970291,1.389070318
22,11,1.2077233,0.92657,0.95674,0.908970291,1.250006504
23,11,1.2077233,0.92657,0.95674,0.908970291,0.9941331
0,12,1.2077233,0.92657,0.95674,0.908970291,0.949221886
1,12,1.2077233,0.92657,0.95674,0.908970291,0.66910171
2,12,1.2077233,0.92657,0.95674,0.908970291,0.56209279
3,12,1.2077233,0.92657,0.95674,0.908970291,0.518763086
4,12,1.2077233,0.92657,0.95674,0.908970291,0.515450553
5,12,1.2077233,0.92657,0.95674,0.908970291,0.545455916
6,12,1.2077233,0.92657,0.95674,0.908970291,0.715195396
7,12,1.2077233,0.92657,0.95674,0.908970291,1.089939521
8,12,1.2077233,0.92657,0.95674,0.908970291,1.357622303
9,12,1.2077233,0.92657,0.95674,0.908970291,1.314152834
10,12,1.2077233,0.92657,0.95674,0.908970291,1.151805109
11,12,1.2077233,0.92657,0.95674,0.908970291,1.084541867
12,12,1.2077233,0.92657,0.95674,0.908970291,0.989562087
13,12,1.2077233,0.92657,0.95674,0.908970291,0.912926357
14,12,1.2077233,0.92657,0.95674,0.908970291,0.855122326
15,12,1.2077233,0.92657,0.95674,0.908970291,0.82520401
16,12,1.2077233,0.92657,0.95674,0.908970291,0.881320035
17,12,1.2077233,0.92657,0.95674,0.908970291,1.107532527
18,12,1.2077233,0.92657,0.95674,0.908970291,1.503566091
19,12,1.2077233,0.92657,0.95674,0.908970291,1.723580545
20,12,1.2077233,0.92657,0.95674,0.908970291,1.647523962
21,12,1.2077233,0.92657,0.95674,0.908970291,1.548739147
22,12,1.2077233,0.92657,0.95674,0.908970291,1.403097926
23,12,1.2077233,0.92657,0.95674,0.908970291,1.131858952
